date,xco2_ppm_mean,xco2_ppm_median,xco2_ppm_std,n_observations,xco_ppb_mean,xco_ppb_median,xco_ppb_std,xch4_ppb_mean,xch4_ppb_median,xch4_ppb_std
2015-03-01,396.02633667,396.11499023,0.68896556,158,63.89303589,63.90000153,0.60802680,1780.70373535,1781.00000000,3.38508224
2015-03-02,396.22576904,396.20001221,0.59269595,345,66.55333710,66.40000153,0.89481509,1782.60473633,1782.60009766,3.00950861
2015-03-03,396.13623047,396.17001343,0.67464447,103,67.96407318,67.90000153,0.69632846,1779.57482910,1779.80004883,3.02579808
2015-03-04,396.44741821,396.39501953,0.77441335,94,60.90425491,60.70000076,0.99070013,1773.17333984,1772.09997559,4.25306940
2015-03-05,397.01202393,396.92999268,0.90739948,20,61.94499969,61.65000153,0.97304416,1772.86987305,1772.55004883,3.83353019
2015-03-06,396.44500732,396.48999023,0.64956558,22,60.12727356,59.95000076,0.70722938,1768.45910645,1768.10009766,2.97493100
2015-03-07,396.89498901,396.92498779,0.70337969,8,59.22499847,59.34999847,0.56505352,1768.03747559,1768.00000000,3.21199131
2015-03-11,396.01931763,396.07998657,0.59705281,89,62.36629486,62.20000076,1.03517067,1774.01684570,1774.29992676,2.63367796
2015-03-12,396.33966064,396.35000610,0.83753973,147,64.63605499,64.59999847,0.85631782,1778.99597168,1779.09997559,4.71917534
2015-03-13,396.74945068,396.73001099,0.68040389,143,62.50839233,62.50000000,0.81573403,1777.61682129,1777.90002441,3.70567322
2015-03-14,396.27377319,396.26000977,0.75146508,151,57.02185440,57.00000000,0.52037096,1773.92053223,1773.90002441,3.28489947
2015-03-15,395.82608032,395.84997559,0.69408548,138,59.41666794,59.29999924,0.76402545,1775.07604980,1774.59997559,3.19030237
2015-03-16,396.11337280,396.10498047,0.71842331,154,59.45779037,59.50000000,0.89433831,1779.27331543,1779.80004883,3.49681044
2015-03-17,396.43856812,396.41000366,0.64850754,219,59.82283020,59.90000153,0.79501259,1780.23828125,1780.00000000,3.29698372
2015-03-18,396.39340210,396.42498779,0.69762838,106,61.77075577,61.84999847,0.75617647,1775.55664062,1775.80004883,3.16035223
2015-03-19,395.94549561,395.92498779,0.73368263,186,63.17150879,63.09999847,0.62859321,1777.44897461,1777.19995117,3.77130222
2015-03-20,396.26538086,396.17001343,0.62996423,95,58.49894714,58.70000076,1.06086028,1777.72534180,1777.40002441,3.27639222
2015-03-21,396.10937500,396.05999756,0.66351354,292,59.18355942,59.40000153,1.03412735,1776.32531738,1776.10009766,3.09572148
2015-03-22,396.29028320,396.27499390,0.62438595,106,57.23113251,57.00000000,1.07953799,1777.81689453,1778.15002441,3.25211453
2015-03-23,396.11282349,396.10998535,0.86611533,74,55.18378448,55.09999847,0.77371675,1767.69055176,1768.00000000,4.14161205
2015-03-24,396.08963013,396.08999634,0.66110432,248,57.11290359,57.79999924,1.61443233,1771.20886230,1771.19995117,3.11972451
2015-03-25,396.12561035,396.10998535,0.70207220,254,60.01613998,60.09999847,0.64545792,1773.53576660,1773.59997559,3.18503380
2015-03-26,396.00305176,395.98001099,0.71177828,210,61.49571228,61.50000000,1.20212352,1776.01757812,1775.94995117,3.14933658
2015-03-27,396.26226807,396.22998047,0.73373091,200,56.31000137,55.95000076,1.84796512,1779.03247070,1779.05004883,3.39514232
2015-03-28,396.39538574,396.42498779,0.70740896,332,61.49668884,61.50000000,0.78298825,1782.59094238,1782.60009766,3.20096302
2015-03-29,396.58300781,396.54000854,0.71599948,237,62.77004242,62.79999924,0.63311607,1779.21142578,1779.19995117,3.15444326
2015-03-30,396.70806885,396.70001221,0.70620525,36,62.78888702,62.84999847,0.43933591,1780.44165039,1779.80004883,3.75526714
2015-03-31,396.79501343,396.67999268,0.65795994,4,61.59999847,61.65000153,0.78740138,1784.94995117,1783.94995117,4.23674965
2015-04-01,396.30749512,396.39001465,0.82168955,64,59.16406250,59.15000153,0.70336300,1777.65307617,1778.20007324,4.07080507
2015-04-02,396.89266968,396.86999512,0.59592700,131,64.93968964,65.00000000,0.83543438,1781.58398438,1781.50000000,2.87184691
2015-04-03,396.95663452,396.92999268,0.70799381,214,62.23598099,62.29999924,0.68708044,1776.40100098,1776.55004883,3.56695962
2015-04-04,396.87265015,396.90499878,0.66048449,224,64.64865875,64.59999847,0.58707911,1782.52600098,1782.50000000,3.09982586
2015-04-05,397.30441284,397.27499390,0.65608859,176,65.27329254,65.30000305,0.81928360,1783.65002441,1784.05004883,3.37038946
2015-04-06,397.19525146,397.17001343,0.68174267,109,62.02844238,62.09999847,0.82933384,1774.82751465,1775.30004883,3.13628626
2015-04-07,396.99044800,397.04998779,0.74851125,161,60.85963058,60.90000153,0.70474976,1775.16088867,1775.30004883,3.26604080
2015-04-08,397.07199097,397.12500000,0.77585369,172,65.53546143,65.50000000,1.10308874,1784.14294434,1784.40002441,3.38221502
2015-04-09,396.61117554,396.64001465,0.80303013,127,66.48031616,66.40000153,0.56498909,1787.09997559,1787.40002441,3.45581365
2015-04-10,397.17169189,397.17999268,0.73580134,148,66.47364807,66.40000153,0.88004005,1788.13854980,1788.09997559,3.38985229
2015-04-11,397.49914551,397.47000122,0.73413378,151,60.94105530,60.79999924,0.57390738,1778.02587891,1778.30004883,3.32927537
2015-04-13,397.69161987,397.70501709,0.62939519,210,64.20714569,64.19999695,0.95951366,1783.00146484,1782.90002441,2.80990434
2015-04-14,396.94754028,397.02999878,0.65057182,82,66.94146729,66.90000153,0.48430923,1783.75500488,1784.19995117,3.24335194
2015-04-15,396.21499634,396.36499023,0.76660430,76,66.79868317,66.80000305,0.61611539,1784.05920410,1783.69995117,3.93274379
2015-04-16,396.35192871,396.35998535,0.65060294,77,67.37402344,67.30000305,0.70026344,1784.06884766,1784.29992676,3.03190160
2015-04-17,396.35519409,396.32998657,0.72909069,283,69.46254730,69.30000305,1.04196143,1781.74133301,1781.70007324,3.06517363
2015-04-18,395.83499146,395.90499878,0.84103590,8,72.50000000,72.69999695,0.77275181,1778.11254883,1778.05004883,3.33571148
2015-04-19,396.56018066,396.57998657,0.67104393,103,69.66990662,69.80000305,0.84189761,1783.62915039,1783.80004883,2.72160602
2015-04-20,396.50650024,396.51000977,0.67470479,208,63.50720978,63.59999847,0.70292425,1784.70764160,1784.40002441,3.40314150
2015-04-21,396.40469360,396.39501953,0.67580068,260,64.30115509,64.40000153,0.62924135,1783.03845215,1783.00000000,3.30790687
2015-04-22,396.72982788,396.72000122,0.62419140,65,65.23692322,65.30000305,0.52038693,1782.18615723,1782.30004883,2.89902043
2015-04-23,396.73364258,396.70001221,0.73877418,85,61.39882278,61.29999924,0.96195406,1784.94946289,1784.59997559,3.75631666
2015-04-24,396.82470703,396.83999634,0.67278099,167,63.62215805,63.70000076,0.78903651,1783.05273438,1783.09997559,3.32005358
2015-04-25,397.11676025,397.14001465,0.64960039,216,67.81342316,67.90000153,0.89912403,1789.63464355,1789.59997559,3.22671652
2015-04-26,396.91433716,396.91500854,0.73226738,196,67.37397766,67.59999847,0.92430800,1784.99584961,1785.00000000,3.46629333
2015-04-27,397.17318726,397.19000244,0.64033699,156,66.64231110,66.64999390,0.90075511,1782.39221191,1782.19995117,2.84173322
2015-04-28,397.55062866,397.51998901,0.64426410,158,68.40885925,68.59999847,1.05137944,1783.63610840,1783.69995117,2.84399652
2015-04-29,397.77166748,397.79498291,0.73614109,72,64.79861450,64.50000000,0.91873956,1783.00415039,1782.59997559,3.86711264
2015-05-01,397.93038940,397.92999268,0.69721180,199,65.85125732,65.90000153,0.62238234,1788.27185059,1788.09997559,3.02980232
2015-05-02,397.52401733,397.42999268,0.69144392,67,68.00149536,68.09999847,0.89332432,1788.45373535,1788.59997559,3.45054102
2015-05-03,398.20303345,398.23001099,0.81560814,23,67.10869598,67.00000000,0.47089222,1792.52612305,1792.40002441,3.78505039
2015-05-04,397.65249634,397.69500732,0.40961072,16,65.01249695,65.35000610,0.84053558,1790.94995117,1790.64990234,2.26712346
2015-05-05,397.62371826,397.60998535,0.60290420,35,63.03999710,63.00000000,1.77452588,1786.27148438,1785.50000000,3.40270925
2015-05-06,397.79949951,397.73999023,0.65628982,221,57.01810074,57.20000076,0.95128518,1781.72167969,1781.70007324,3.20056963
2015-05-08,398.04190063,398.08001709,0.61165112,58,64.90862274,64.90000153,0.51954269,1787.16198730,1786.90002441,3.93761611
2015-05-09,397.70028687,397.72500610,0.71450472,38,61.13158035,61.09999847,0.48552281,1779.44201660,1778.90002441,3.33309817
2015-05-10,397.88333130,397.88000488,0.56041825,24,60.27916336,60.29999924,0.48272708,1777.50000000,1777.19995117,2.48752499
2015-05-11,397.88595581,397.85998535,0.67134255,47,63.31914902,63.29999924,0.57959491,1779.23840332,1779.29992676,3.16663337
2015-05-12,397.67471313,397.67999268,0.68148106,166,66.64156342,66.59999847,0.58673805,1784.27050781,1784.00000000,2.87553263
2015-05-13,397.77569580,397.86999512,0.74128842,44,60.13409042,60.09999847,0.67889875,1779.93176270,1779.85009766,3.16440368
2015-05-14,398.10000610,398.14001465,0.46605176,10,62.12999725,62.20000076,0.30203027,1782.54003906,1782.10009766,2.07375908
2015-05-15,397.85498047,397.91998291,0.67706847,6,58.96666336,59.09999847,0.45898420,1779.84997559,1781.00000000,2.81690931
2015-05-16,397.39700317,397.35998535,0.90187341,10,55.90000153,55.95000076,0.72571802,1779.23999023,1780.05004883,2.98262525
2015-05-17,397.59100342,397.48001099,0.64151680,10,57.47000122,57.45000076,0.60378432,1776.80993652,1776.09997559,2.99979758
2015-05-18,397.64151001,397.60000610,0.65656912,265,63.32452774,60.40000153,4.69241428,1776.16857910,1776.10009766,3.23444271
2015-05-19,397.66708374,397.63000488,0.79958296,96,59.84479141,58.79999924,2.17196798,1778.22180176,1778.15002441,3.51133752
2015-05-20,397.78417969,397.76998901,0.65967262,272,55.26617813,53.79999924,2.69355440,1778.77575684,1778.90002441,3.31018090
2015-05-21,398.06964111,398.08499146,0.68690127,112,59.85803604,59.70000076,1.37805438,1784.11791992,1784.00000000,3.51730061
2015-05-22,397.81002808,397.64501953,0.92420059,24,56.17916870,56.15000153,0.59122521,1775.45410156,1775.19995117,3.79438448
2015-05-23,398.27273560,398.14999390,0.66723955,11,61.04545593,60.90000153,1.09303570,1784.29089355,1783.20007324,2.62694860
2015-05-24,398.45303345,398.50000000,0.68713164,86,64.23720551,64.09999847,0.80790889,1784.44299316,1784.10009766,3.27405572
2015-05-25,398.17834473,398.11499023,0.85689807,18,64.33333588,64.44999695,1.11037946,1786.21118164,1786.14990234,4.11267138
2015-05-26,398.64599609,398.76000977,0.96831024,15,67.95999908,68.00000000,0.91088647,1784.56005859,1784.89990234,4.48505068
2015-05-27,398.57250977,398.57501221,0.62808114,48,67.08124542,66.94999695,0.48406813,1786.35839844,1786.15002441,3.02519298
2015-05-28,398.08328247,398.07501221,0.69338930,76,64.46842194,64.50000000,0.72649121,1781.19079590,1781.25000000,3.14019823
2015-05-30,397.87881470,397.79998779,0.68888342,68,61.53235626,61.45000076,0.55756426,1777.37939453,1777.35009766,3.41758728
2015-06-03,398.44375610,398.32998657,0.74320471,53,62.98490524,63.00000000,0.47531214,1785.84716797,1785.30004883,3.89484787
2015-06-04,398.37231445,398.41998291,0.78685760,56,65.01964569,65.00000000,0.85097164,1785.31066895,1785.84997559,3.81317902
2015-06-06,398.95114136,398.95999146,0.82414287,62,68.41773987,68.44999695,0.65699857,1790.15966797,1789.85009766,3.71167016
2015-06-07,398.60736084,398.64001465,0.65420234,72,72.47777557,72.55000305,0.77299929,1789.15283203,1788.94995117,3.31484056
2015-06-08,398.65292358,398.72998047,0.76306391,130,67.66692352,68.19999695,1.39880264,1785.90380859,1786.00000000,3.59699655
2015-06-09,398.70245361,398.63000488,0.80207682,293,72.09488678,72.09999847,0.87929434,1789.71057129,1789.80004883,3.33695912
2015-06-10,398.36502075,398.42001343,0.68363023,105,64.61428833,64.59999847,0.87929475,1785.03527832,1785.40002441,3.28730154
2015-06-11,398.46652222,398.52999878,0.76116872,104,64.90576935,65.00000000,0.82636505,1786.23950195,1786.39990234,4.21368408
2015-06-12,398.15164185,398.22497559,0.34452701,6,65.04999542,65.05000305,0.16431658,1782.70007324,1782.05004883,2.23697042
2015-06-14,398.47573853,398.47998047,0.76109731,136,69.82794189,69.94999695,1.24375117,1791.08386230,1791.34997559,4.17864704
2015-06-15,398.55932617,398.59500122,0.75040293,226,64.46327209,64.50000000,0.62951559,1786.85253906,1786.85009766,3.33852673
2015-06-16,398.75677490,398.77499390,0.85636652,142,63.61760712,63.70000076,0.61923075,1788.37182617,1788.35009766,3.80971384
2015-06-17,398.61917114,398.64001465,0.70524973,210,64.58856964,64.50000000,0.65399987,1784.70629883,1784.70007324,3.17974973
2015-06-18,398.91036987,399.05999756,1.39077318,27,64.65184784,64.50000000,0.78071541,1784.98889160,1785.69995117,4.85919285
2015-06-21,398.78915405,398.86499023,0.70975119,140,63.38214111,63.40000153,0.72382551,1778.65856934,1778.40002441,3.46841598
2015-06-22,398.93176270,399.01998901,0.67144215,62,61.96290207,62.04999924,0.54898793,1778.16296387,1778.00000000,3.16420603
2015-06-23,398.83435059,398.83001709,0.68131226,138,63.78188705,63.70000076,0.96078092,1782.01086426,1781.80004883,2.98237634
2015-06-24,398.95898438,399.19500732,1.02609897,10,66.34000397,66.40000153,1.09666002,1785.40991211,1785.80004883,3.50634193
2015-06-25,398.99130249,398.94000244,0.86778426,178,63.64775085,63.40000153,1.13869822,1784.29113770,1784.40002441,3.80968690
2015-06-26,399.22836304,399.25500488,0.22973074,134,71.50820923,71.40000153,0.53085971,1790.33203125,1790.19995117,1.04741359
2015-06-30,399.21249390,399.27001953,0.30560312,8,65.33750153,65.30000305,0.35025570,1780.56250000,1780.85009766,1.69280493
2015-07-01,399.55352783,399.57998657,0.26994002,114,65.70964813,65.90000153,0.78616005,1786.35607910,1786.34985352,1.40895462
2015-07-05,398.92391968,398.91000366,0.28248915,198,56.58131027,56.29999924,1.80138254,1783.30395508,1783.09997559,1.62248707
2015-07-06,398.96426392,398.95999146,0.30489805,184,64.21739197,64.00000000,0.88978541,1787.05065918,1787.09997559,1.05856645
2015-07-07,399.11218262,399.07501221,0.30473292,32,69.59687805,69.69999695,0.41151497,1794.04370117,1794.25000000,1.04570627
2015-07-08,399.46490479,399.49499512,0.30617744,212,66.80565643,67.09999847,1.25179160,1791.78491211,1792.00000000,2.11294103
2015-07-09,399.11492920,399.10000610,0.34234351,87,62.36896515,62.20000076,0.58792311,1789.66320801,1789.80004883,1.85228455
2015-07-10,399.25216675,399.26000977,0.21384573,268,64.50672150,64.69999695,0.95110399,1787.13366699,1786.94995117,1.84916627
2015-07-11,399.25494385,399.24499512,0.33511451,140,66.13571167,66.19999695,0.68928808,1787.21289062,1787.30004883,1.61320782
2015-07-12,399.08758545,399.04000854,0.36004609,296,70.17838287,70.19999695,1.14121795,1784.52661133,1784.59997559,1.20947516
2015-07-13,398.97943115,398.97500610,0.29717463,236,63.31356049,63.29999924,0.79277766,1784.13427734,1784.00000000,1.15693545
2015-07-14,399.11474609,399.10498047,0.24312092,198,61.76515198,61.70000076,0.30866948,1788.02221680,1788.00000000,1.24738169
2015-07-15,399.30691528,399.29998779,0.35440293,238,61.91470718,62.00000000,0.62331134,1785.12390137,1785.05004883,1.69530153
2015-07-16,399.22488403,399.22500610,0.22348602,84,60.83690262,60.79999924,0.30410022,1781.96423340,1782.09997559,1.09475017
2015-07-17,399.05389404,399.07000732,0.25647798,272,65.26948547,65.30000305,0.75778055,1786.59863281,1786.59997559,1.20687497
2015-07-18,399.01638794,398.83499146,1.24357569,44,65.47499847,65.59999847,1.29545271,1789.09094238,1788.59997559,4.11337423
2015-07-19,399.07742310,399.07998657,0.28095016,210,67.53095245,67.80000305,1.37852454,1788.73571777,1788.69995117,1.57781065
2015-07-20,399.03982544,399.04000854,0.24254733,182,69.13846588,69.30000305,0.84432048,1789.24072266,1789.19995117,1.24678314
2015-07-22,399.21887207,399.22000122,0.25173521,287,69.08502197,69.00000000,0.75439405,1784.92297363,1784.80004883,1.32007802
2015-07-23,399.03619385,399.00000000,0.28640819,236,76.63135529,76.69999695,0.64527071,1787.29626465,1787.30004883,1.27495110
2015-07-24,399.02114868,399.01998901,0.26548001,182,76.44615173,76.40000153,0.62220591,1787.88415527,1787.79992676,1.20602560
2015-07-25,399.10052490,399.08499146,0.28902581,156,72.93012238,73.09999847,0.64030445,1790.49682617,1790.69995117,1.95874286
2015-07-26,399.09008789,399.09997559,0.24003990,132,74.05985260,74.19999695,0.79654425,1791.56884766,1791.59997559,1.25522363
2015-07-27,399.07226562,399.05999756,0.26655141,132,73.40757751,73.50000000,0.73470360,1793.31970215,1793.09997559,1.96120250
2015-07-28,399.14831543,399.19000244,0.41843489,102,74.59706116,74.50000000,0.55355841,1794.21972656,1794.25000000,2.18464279
2015-07-29,398.63598633,398.63500977,0.23796405,10,67.63999939,67.55000305,0.36270601,1789.75000000,1789.69995117,2.10514092
2015-07-30,398.86370850,398.88000488,0.24909645,108,66.34444427,66.19999695,1.10354853,1792.40649414,1792.34997559,1.21910703
2015-07-31,398.90087891,398.88500977,0.26663822,252,81.35951996,77.69999695,5.97278929,1800.39355469,1800.35009766,1.35188591
2015-08-01,398.95068359,398.95999146,0.23720507,230,73.02130890,72.59999847,2.68757915,1801.61083984,1801.69995117,1.73326325
2015-08-02,399.01797485,399.02499390,0.30394474,112,80.20178223,80.40000153,1.38972950,1796.75976562,1796.90002441,1.41149652
2015-08-05,398.64712524,398.60498047,0.39096504,42,62.84523773,62.84999847,1.18367052,1783.07629395,1783.35009766,1.55481660
2015-08-06,398.94821167,398.92999268,0.33487347,28,65.01428986,65.59999847,2.01397252,1785.63928223,1784.94995117,3.16394353
2015-08-08,399.10177612,399.11499023,0.21565753,112,65.58928680,65.59999847,0.44788957,1789.94555664,1789.59997559,2.35037923
2015-08-09,399.20394897,399.19500732,0.32271299,192,70.12500000,70.19999695,0.78072333,1792.32031250,1792.14990234,2.04413819
2015-08-10,398.95367432,398.92999268,0.25846562,230,68.64130402,68.59999847,0.46538514,1791.36218262,1791.20007324,1.74775970
2015-08-11,398.72607422,398.73999023,0.24131460,280,72.88428497,73.00000000,0.88108534,1795.54492188,1795.60009766,1.58112705
2015-08-12,398.80258179,398.79998779,0.27508008,158,70.54493713,70.40000153,0.56507128,1795.28479004,1795.19995117,1.37961733
2015-08-13,398.78857422,398.79498291,0.23575930,132,69.58787537,69.40000153,0.88430196,1789.22729492,1789.19995117,1.27273130
2015-08-14,398.71871948,398.76998901,0.33274189,46,67.64565277,67.64999390,1.45139086,1790.60864258,1790.79992676,1.99564505
2015-08-15,398.73361206,398.70501709,0.29314306,142,72.59436798,72.19999695,2.13471079,1789.30346680,1789.10009766,1.41863286
2015-08-16,398.68789673,398.69000244,0.31713602,152,73.15986633,73.40000153,1.18429363,1788.02832031,1788.00000000,1.46203184
2015-08-17,398.88610840,398.88000488,0.32265010,138,69.31521606,69.35000610,0.96545458,1788.50073242,1788.44995117,1.49741900
2015-08-18,398.98376465,399.00000000,0.35162592,164,69.74816895,69.80000305,0.59902453,1789.09570312,1789.15002441,1.59367311
2015-08-19,398.63000488,398.67498779,0.27359942,12,73.59999847,73.40000153,0.59696209,1793.53332520,1793.64990234,0.87939483
2015-08-20,398.75100708,398.73999023,0.27320644,80,73.60874939,73.94999695,0.99571139,1794.60876465,1794.50000000,1.30006671
2015-08-21,399.23226929,399.20001221,0.34207276,136,92.11617279,92.40000153,2.09903765,1795.40002441,1795.44995117,1.41148806
2015-08-22,399.17480469,399.18499756,0.31367514,104,79.08365631,79.30000305,0.95339084,1789.43835449,1789.40002441,1.26691747
2015-08-23,398.85644531,398.86499023,0.27010545,28,68.90357208,68.64999390,0.92395419,1789.75708008,1789.39990234,1.89059865
2015-08-24,399.09915161,399.10498047,0.36733535,242,91.67189789,86.19999695,9.77964878,1791.76574707,1791.85009766,1.32524824
2015-08-25,399.03103638,399.00500488,0.38111979,106,91.46604156,91.59999847,1.27868152,1792.80664062,1792.70007324,1.26049340
2015-08-26,398.74087524,398.74499512,0.25769785,46,79.00000000,78.90000153,0.59702945,1789.40002441,1789.44995117,1.15005493
2015-08-27,398.75009155,398.73498535,0.26050952,134,78.65148926,78.69999695,0.55909896,1794.76269531,1794.80004883,1.21318305
2015-08-28,398.43161011,398.44000244,0.42129990,136,81.31250000,81.69999695,1.37088418,1791.64489746,1791.59997559,1.70158589
2015-08-29,398.49172974,398.49499512,0.33226821,100,77.87599945,75.64999390,4.17716551,1789.75708008,1789.70007324,1.72288072
2015-08-30,398.61923218,398.59500122,0.26027280,132,79.79241943,80.00000000,1.18131900,1786.19543457,1786.15002441,1.44954777
2015-08-31,398.82495117,398.80999756,0.26240999,248,85.39516449,85.14999390,1.61780858,1784.64721680,1784.70007324,1.39137840
2015-09-01,398.88241577,398.85000610,0.39063925,220,76.38499451,76.55000305,1.33850682,1782.05041504,1781.80004883,1.94139302
2015-09-02,399.10003662,399.09500122,0.29099080,262,83.14809418,82.50000000,1.54254353,1783.82556152,1783.80004883,1.47177422
2015-09-03,399.48635864,399.50500488,0.30127671,206,95.14952087,94.80000305,2.06918740,1788.38195801,1788.30004883,1.33691645
2015-09-04,400.06021118,400.06500244,0.38326597,104,98.96634674,98.80000305,1.88986099,1792.62780762,1792.59997559,1.78246605
2015-09-06,399.16726685,399.17498779,0.35267097,164,102.55609131,102.59999847,1.78460336,1791.40185547,1791.59997559,1.71473110
2015-09-07,398.42950439,398.40499878,0.31332564,358,87.96173096,89.30000305,3.19866300,1788.51635742,1788.50000000,1.29857826
2015-09-08,398.62881470,398.61999512,0.31201744,366,78.90819550,79.69999695,2.49138522,1783.45861816,1783.59997559,1.92367113
2015-09-09,398.72708130,398.70999146,0.29814067,214,68.05420685,67.90000153,1.08928037,1783.88464355,1783.80004883,1.46856987
2015-09-10,398.62503052,398.61499023,0.32755843,236,67.79914856,67.69999695,0.71827173,1783.76196289,1783.80004883,1.69278228
2015-09-11,398.99404907,399.00000000,0.44787568,128,79.23905945,79.09999847,1.74564612,1778.84838867,1778.90002441,2.50861931
2015-09-12,398.53479004,398.52999878,0.31607312,304,84.20098877,82.64999390,5.53147888,1787.23474121,1787.19995117,1.64927495
2015-09-14,399.50930786,399.51000977,0.33163017,178,106.38819885,107.59999847,4.50408792,1795.88818359,1795.60009766,2.12193727
2015-09-15,399.20001221,399.22000122,0.28703690,108,84.21295929,84.19999695,0.60559589,1793.53234863,1793.90002441,1.48216617
2015-09-16,399.00833130,398.99499512,0.27237725,24,82.96666718,83.44999695,1.19443107,1788.61242676,1788.15002441,1.51724315
2015-09-17,399.23052979,399.23498535,0.28286511,136,88.23896790,88.09999847,1.17373562,1786.80883789,1786.75000000,1.52691817
2015-09-18,398.95193481,398.91000366,0.40191388,36,91.24166870,91.59999847,1.34299791,1794.82495117,1794.29992676,2.09455347
2015-09-19,399.00473022,399.01998901,0.32379591,222,83.01441193,81.69999695,3.57590818,1788.58471680,1788.30004883,2.06058073
2015-09-20,399.24533081,399.23999023,0.37003338,204,95.57058716,94.50000000,2.83460617,1794.53381348,1794.70007324,1.72196972
2015-09-21,398.63024902,398.60000610,0.35123295,118,93.14152527,92.90000153,1.36596787,1789.53308105,1789.59997559,1.66542816
2015-09-26,398.81475830,398.82000732,0.30930260,44,92.34772491,91.85000610,1.97301435,1792.00000000,1792.09997559,1.80580330
2015-09-27,398.68051147,398.70001221,0.37857142,168,94.45416260,94.25000000,1.10766840,1786.90478516,1787.00000000,1.81958425
2015-09-28,398.55578613,398.54998779,0.32403001,180,92.49555206,92.69999695,1.05076838,1788.75610352,1788.59997559,1.62779331
2015-09-29,398.58819580,398.59997559,0.28083909,56,88.81964111,88.85000610,0.80733377,1785.57324219,1785.40002441,1.72263551
2015-10-01,398.74371338,398.72500610,0.37702486,164,77.96524048,78.05000305,2.25528955,1781.33898926,1781.40002441,2.09095407
2015-10-02,399.42166138,399.22500610,0.60131121,6,85.25000000,85.34999847,0.67453563,1785.93322754,1785.84997559,2.29054427
2015-10-03,399.23165894,399.18499756,0.33802319,6,91.95000458,92.00000000,0.26645675,1788.03332520,1787.65002441,1.56799042
2015-10-04,399.50442505,399.52499390,0.20056248,34,104.46470642,104.50000000,0.77767414,1789.08825684,1789.25000000,1.11837327
2015-10-05,399.34704590,399.42001343,0.44085580,27,87.52222443,86.59999847,3.14512229,1782.09265137,1782.40002441,2.36934042
2015-10-08,399.34249878,399.32000732,0.18515705,20,96.62500000,96.69999695,0.48327258,1788.66503906,1788.40002441,0.91894782
2015-10-09,399.13281250,399.10498047,0.37986901,188,98.34148407,98.30000305,1.32930028,1789.31909180,1789.29992676,1.62301075
2015-10-10,399.18826294,399.20001221,0.34174898,198,100.90403748,100.50000000,3.40970325,1788.99084473,1788.90002441,1.85552454
2015-10-11,398.94857788,398.97500610,0.36935273,300,97.28166962,97.85000610,3.57386899,1786.56005859,1786.50000000,1.81353116
2015-10-12,398.77749634,398.77999878,0.33909270,234,101.20684052,103.90000153,4.68634605,1789.56018066,1789.80004883,2.45613813
2015-10-13,398.97177124,398.98999023,0.55849367,252,101.30278015,99.85000610,4.26212263,1787.75671387,1787.90002441,2.76272464
2015-10-14,399.15182495,399.13000488,0.44429734,230,103.66825867,101.80000305,8.35997391,1788.33007812,1788.30004883,2.66656470
2015-10-15,399.27209473,399.26000977,0.34231025,328,113.24329376,117.14999390,8.27294827,1786.38476562,1786.50000000,1.94314146
2015-10-16,399.46911621,399.45999146,0.33786207,280,112.56785583,115.69999695,6.18952465,1788.72387695,1788.69995117,1.70486009
2015-10-17,399.43902588,399.44000244,0.35060009,137,119.46350098,120.80000305,6.54438305,1787.14892578,1787.19995117,1.93498075
2015-10-18,399.03933716,399.07501221,0.57012278,152,107.27105713,106.80000305,2.13316989,1789.00866699,1789.05004883,2.43500447
2015-10-19,399.10531616,399.08499146,0.35800430,98,107.34489441,107.30000305,1.06559336,1788.92553711,1788.94995117,1.69554949
2015-10-20,399.07464600,399.08502197,0.36323398,52,95.96346283,95.94999695,1.58683705,1781.25000000,1780.94995117,1.90525329
2015-10-21,399.26623535,399.26998901,0.50393206,279,98.06594849,98.09999847,0.88717216,1780.40148926,1780.30004883,2.06143117
2015-10-22,398.86911011,398.86999512,0.35826635,196,87.88469696,88.80000305,2.67199540,1777.60815430,1777.50000000,2.01746893
2015-10-23,398.84249878,398.83999634,0.40329003,252,94.82897186,92.55000305,6.49111509,1781.75231934,1781.80004883,1.91887736
2015-10-24,399.62854004,399.58999634,0.26045060,41,97.51707458,97.59999847,0.62964398,1781.76586914,1781.90002441,1.31179535
2015-10-26,399.45761108,399.48001099,0.38028219,54,107.86111450,107.69999695,1.64551008,1781.76477051,1781.40002441,2.13524842
2015-10-28,398.80136108,398.88000488,0.33386979,22,96.19999695,96.19999695,0.44827703,1777.46826172,1777.60009766,1.51449835
2015-10-29,398.99914551,398.97500610,0.42874435,36,90.79444885,90.90000153,0.92240191,1775.64440918,1775.59997559,1.87775004
2015-10-30,398.66256714,398.66000366,0.39276624,172,94.66802216,92.59999847,4.36741924,1779.33898926,1779.25000000,1.99048293
2015-10-31,399.20498657,399.29498291,0.25640202,8,93.11250305,93.14999390,0.47339943,1783.37500000,1783.14990234,1.14486396
2015-11-01,399.04397583,399.01998901,0.37352276,219,95.26393127,95.30000305,0.67737025,1776.91467285,1776.90002441,1.88537669
2015-11-02,399.22277832,399.27001953,0.50234532,18,94.26667023,94.35000610,0.94557720,1774.21667480,1774.35009766,2.71644878
2015-11-03,398.63500977,398.63500977,0.04950265,2,89.09999847,89.09999847,1.55563271,1772.15002441,1772.15002441,2.47487378
2015-11-07,398.96389771,398.97500610,0.33108744,72,76.64028168,76.50000000,0.82010949,1776.45556641,1776.50000000,1.80694902
2015-11-08,398.86953735,398.90502930,0.30883497,44,83.39772797,83.14999390,1.12342680,1773.87963867,1773.94995117,1.57208312
2015-11-09,399.12316895,399.11999512,0.36258170,222,89.52252197,89.69999695,2.19624043,1777.65173340,1777.60009766,1.87603426
2015-11-10,399.18313599,399.15002441,0.43163145,146,89.49520111,89.50000000,1.05584264,1777.45202637,1777.35009766,1.85643387
2015-11-12,399.71011353,399.69000244,0.32195574,100,92.83599854,93.19999695,2.09648681,1782.07702637,1781.90002441,1.57902396
2015-11-13,400.01803589,400.00000000,0.34399343,108,106.46295929,106.50000000,0.78533208,1786.14733887,1786.05004883,2.47988701
2015-11-14,400.16369629,400.16000366,0.41982162,82,101.97439575,102.00000000,0.71211898,1786.10485840,1786.20007324,1.79820704
2015-11-15,400.30874634,400.35498047,0.42475542,206,109.08883667,109.50000000,1.71575820,1788.67382812,1788.50000000,2.22087502
2015-11-16,400.24380493,400.23999023,0.39212751,278,111.23669434,111.05000305,1.51777172,1789.25036621,1789.29992676,2.16527629
2015-11-17,400.88119507,400.92001343,0.46687368,161,122.44161224,122.69999695,1.23463321,1788.96020508,1788.90002441,1.65537703
2015-11-18,400.39147949,400.38500977,0.43474627,176,102.86534882,102.69999695,1.19283235,1786.92041016,1786.94995117,2.13065982
2015-11-19,400.11743164,400.17001343,0.57574862,39,101.36922455,101.30000305,1.20768464,1782.06933594,1782.60009766,2.41642308
2015-11-20,399.92782593,399.88500977,0.56523776,14,101.49285889,101.30000305,1.45890594,1782.74291992,1782.85009766,2.89581990
2015-11-21,399.92425537,399.94000244,0.44884762,136,104.05809021,103.59999847,1.49237883,1783.97644043,1784.00000000,1.99789238
2015-11-22,400.23599243,400.54000854,0.70280361,5,97.55999756,97.30000305,0.46151921,1779.04003906,1778.90002441,3.03943443
2015-11-23,400.48046875,400.52499390,0.48032644,190,102.32947540,102.50000000,0.96629667,1780.19787598,1780.19995117,2.19776440
2015-11-24,401.04827881,401.07000732,0.49445140,109,115.74954224,116.00000000,0.93438619,1782.02563477,1782.30004883,2.27695489
2015-11-26,400.36968994,400.36499023,0.48181468,130,95.53923035,95.59999847,0.71933395,1785.52917480,1785.44995117,2.47124839
2015-11-27,400.18167114,400.14498901,0.57145727,12,97.42499542,97.39999390,0.77474302,1789.31677246,1789.19995117,3.08157992
2015-11-28,400.03094482,400.07000732,0.54440153,174,92.73563385,92.59999847,1.55150342,1786.12463379,1786.15002441,2.44441843
2015-11-29,400.71514893,400.73498535,0.48966321,74,98.77162170,98.80000305,0.37104869,1784.42565918,1784.50000000,2.03389788
2015-11-30,400.62869263,400.52001953,0.41598147,30,95.15666199,95.09999847,0.43206245,1782.76672363,1782.40002441,1.48215520
2015-12-01,400.81875610,400.75500488,0.50733727,48,95.07500458,95.14999390,0.44363090,1784.05212402,1783.80004883,2.22115183
2015-12-02,399.89178467,399.86999512,0.54675150,175,82.78456879,82.90000153,0.76993918,1779.36914062,1779.59997559,2.38568115
2015-12-03,399.87557983,399.87500000,0.58274156,166,81.15662384,80.90000153,1.50527906,1781.99450684,1782.00000000,2.70049477
2015-12-04,399.81555176,399.79000854,0.46971914,180,83.74555969,83.90000153,1.87265933,1784.66113281,1784.65002441,2.25438809
2015-12-05,399.98559570,399.99499512,0.37464204,50,85.80999756,85.80000305,0.62409115,1784.90197754,1785.19995117,2.00524402
2015-12-07,400.22732544,400.25000000,0.41830063,67,85.27910614,84.69999695,1.69710457,1786.70593262,1786.90002441,2.21091461
2015-12-08,400.16308594,400.22000122,0.58982784,84,91.31071472,91.40000153,0.90687025,1788.61425781,1788.50000000,3.04346466
2015-12-10,400.45672607,400.47500610,0.52348512,174,88.95402527,88.80000305,0.91623807,1784.02587891,1783.90002441,2.59703183
2015-12-12,400.15884399,400.14999390,0.63490707,132,85.77424622,85.69999695,1.36558676,1785.57507324,1785.55004883,2.81073165
2015-12-13,399.79174805,399.80999756,0.51538599,132,89.43712616,89.59999847,0.87417620,1785.41601562,1785.50000000,2.50024724
2015-12-14,399.90805054,399.91000366,0.50764084,192,82.07656097,81.90000153,0.90653419,1780.22558594,1780.09997559,2.30374742
2015-12-15,400.36123657,400.41500854,0.55303949,72,80.42777252,80.50000000,0.71743339,1779.54443359,1779.40002441,2.25237870
2015-12-16,400.52349854,400.42498779,0.51125324,20,82.76499939,82.64999390,0.88155067,1781.01989746,1780.75000000,2.22015142
2015-12-17,400.31478882,400.30999756,0.53549045,306,87.81078339,87.90000153,0.97111452,1780.19653320,1780.40002441,2.57326198
2015-12-18,400.68966675,400.67001343,0.56331742,197,89.47157288,89.50000000,1.00382113,1781.50549316,1781.20007324,2.77246284
2015-12-19,400.34109497,400.33499146,0.50109673,194,84.91185760,85.09999847,1.16196799,1774.77111816,1774.79992676,2.49056625
2015-12-20,400.15991211,400.19000244,0.56956989,171,80.94619751,80.90000153,0.81053734,1774.44201660,1774.50000000,2.79343486
2015-12-21,400.35852051,400.35998535,0.52636224,173,82.02138519,82.09999847,0.81380111,1774.89770508,1775.00000000,2.74111843
2015-12-22,400.11941528,400.04998779,0.61886537,102,78.84313965,79.14999390,1.77242422,1771.77160645,1771.69995117,3.57860303
2015-12-23,400.27215576,400.32501221,0.73275673,70,74.69714355,74.59999847,1.15293849,1771.74145508,1772.05004883,3.23206210
2015-12-24,400.40499878,400.47000122,0.47789159,14,74.29999542,74.55000305,0.76560682,1774.58569336,1774.54992676,2.44345593
2015-12-25,400.16055298,400.16000366,0.58084959,255,84.05451202,84.00000000,1.19165778,1780.98474121,1780.90002441,3.24311972
2015-12-26,399.77639771,399.77999878,0.66108084,64,73.00781250,73.00000000,1.20017231,1777.92187500,1777.94995117,3.01136827
2015-12-27,399.84936523,399.85998535,0.66531724,242,71.23223114,71.30000305,2.31612492,1782.57775879,1782.65002441,2.95260143
2015-12-28,399.81341553,399.85998535,0.50590473,155,72.02064514,72.09999847,1.87352371,1780.64074707,1780.79992676,2.48731494
2015-12-29,400.09759521,400.13000488,0.51592278,206,75.01116180,75.19999695,1.17179108,1777.98303223,1778.15002441,2.52214479
2016-01-02,400.03469849,399.88000488,0.58829498,17,76.68235016,76.59999847,0.87979764,1784.32348633,1783.59997559,3.35700083
2016-01-03,400.38565063,400.30999756,0.51671225,37,74.47837830,74.69999695,1.32793403,1784.23779297,1783.50000000,2.77431464
2016-01-04,400.45782471,400.36999512,0.61646891,32,77.77187347,77.69999695,1.07680380,1790.59692383,1791.20007324,3.31415319
2016-01-05,400.51751709,400.47000122,0.49453872,28,73.40000153,73.40000153,0.75375646,1786.41784668,1786.90002441,2.27205658
2016-01-06,400.03652954,400.14001465,1.08028269,116,71.75603485,71.64999390,0.91426283,1786.46301270,1786.64990234,4.32044172
2016-01-07,400.07604980,400.10998535,0.56159616,162,75.02654266,74.80000305,0.99949020,1789.02832031,1789.10009766,2.68197656
2016-01-09,399.84927368,399.89501953,0.64347482,190,78.52631378,78.50000000,1.22359657,1789.09521484,1789.15002441,2.88455176
2016-01-11,400.14459229,400.16000366,0.62576932,39,77.53589630,77.50000000,0.57146424,1786.91540527,1787.60009766,2.43520570
2016-01-12,400.25299072,400.05499268,0.61371803,20,73.22000122,73.25000000,1.00661016,1785.76501465,1785.50000000,3.50221848
2016-01-13,399.60235596,399.64501953,0.56073105,80,74.14625549,74.09999847,0.75186580,1780.78491211,1781.10009766,2.76780939
2016-01-14,399.85327148,399.84500122,0.77490461,46,69.13043213,69.14999390,0.94888639,1776.42175293,1775.94995117,4.14787912
2016-01-15,399.99499512,399.88500977,0.68147790,12,71.81666565,71.64999390,0.64643544,1781.98339844,1781.50000000,3.17914343
2016-01-17,400.53778076,400.50000000,0.50479770,18,73.40555573,73.35000610,0.57545012,1783.48889160,1783.60009766,2.35820627
2016-01-21,400.62438965,400.58502197,0.49740848,16,76.38749695,76.09999847,1.39564812,1781.86254883,1781.69995117,2.58504081
2016-01-22,401.05444336,401.13000488,0.62590146,27,68.62222290,68.40000153,1.11814809,1780.52233887,1781.20007324,2.88716865
2016-01-23,400.59588623,400.57998657,0.56345493,121,69.63967133,69.59999847,0.76794940,1782.67602539,1782.09997559,2.90223575
2016-01-24,399.74465942,399.72000122,0.64738572,30,69.77666473,69.69999695,0.98949003,1778.76000977,1778.39990234,3.48094606
2016-01-25,400.12966919,400.17498779,0.73211259,150,69.32933807,69.55000305,1.21288061,1779.27661133,1779.29992676,3.16481876
2016-01-26,400.58013916,400.54998779,0.57563049,139,71.94100952,72.00000000,1.12229156,1781.25610352,1781.00000000,3.15748787
2016-01-27,400.13040161,400.17001343,0.71384704,99,71.04141235,71.00000000,0.88074738,1782.34252930,1782.40002441,3.50225139
2016-01-28,400.41091919,400.36499023,0.74206972,156,68.63781738,68.35000610,1.11640787,1784.17187500,1784.25000000,3.32542825
2016-01-29,399.78683472,399.82998657,0.98021024,123,72.03170776,72.00000000,0.75262547,1784.47558594,1784.40002441,3.82218003
2016-01-30,399.77352905,399.79000854,0.63623667,113,74.21858215,74.19999695,1.13959193,1784.50268555,1784.50000000,2.52153158
2016-02-01,399.74230957,399.79998779,0.69175524,173,64.31734467,64.30000305,0.72283357,1782.90991211,1783.00000000,3.17571974
2016-02-02,399.49862671,399.60998535,0.87958193,22,65.40908813,65.30000305,0.84228021,1783.59094238,1784.55004883,4.23701811
2016-02-03,399.01046753,399.20001221,0.84273440,65,67.96154022,68.09999847,1.04607749,1782.80310059,1782.79992676,4.32471418
2016-02-04,399.60195923,399.64501953,0.71467727,86,68.96627808,68.90000153,1.20680523,1781.31164551,1781.59997559,3.27258730
2016-02-05,398.72000122,398.72000122,,1,63.50000000,63.50000000,,1773.80004883,1773.80004883,
2016-02-06,399.80163574,399.79498291,1.07951403,18,64.65555573,64.69999695,1.34742606,1776.26123047,1777.55004883,4.53940010
2016-02-07,400.21502686,400.21502686,0.41719040,2,67.19999695,67.19999695,1.41421354,1785.00000000,1785.00000000,4.24264050
2016-02-24,400.29455566,400.30999756,0.54452819,127,88.02834320,88.09999847,1.00252843,1791.78186035,1791.80004883,2.25819016
2016-02-26,399.73501587,399.72497559,0.34642401,14,71.17143250,71.05000305,0.60310578,1783.28576660,1783.25000000,1.70063007
2016-02-28,400.37170410,400.31500244,0.56692845,204,76.45882416,76.59999847,1.16681159,1797.87011719,1797.65002441,2.79955316
2016-02-29,400.29498291,400.26998901,0.47728375,197,68.40507507,68.09999847,1.31396532,1793.63500977,1793.69995117,2.54077768
2016-03-01,400.43740845,400.42999268,0.63642567,127,70.78976440,70.80000305,0.96845776,1792.02368164,1791.90002441,2.54833984
2016-03-02,401.20333862,401.20001221,0.23027548,6,73.48332977,73.55000305,0.24832825,1792.04992676,1791.85009766,1.55658197
2016-03-03,400.59548950,400.55999756,0.54443693,147,74.56394958,74.90000153,1.20512283,1788.42919922,1788.40002441,2.12703466
2016-03-04,400.26025391,400.26501465,0.56278849,120,73.88249969,74.00000000,0.84283084,1787.27844238,1787.14990234,2.53922248
2016-03-05,400.64874268,400.73498535,0.29643452,8,71.72499847,71.85000610,0.36547545,1784.53747559,1784.75000000,1.38353992
2016-03-10,400.23498535,400.23498535,0.40303448,2,65.84999847,65.84999847,0.35355338,1780.09997559,1780.09997559,1.27282679
2016-03-12,400.34326172,400.29998779,0.48159960,195,69.52153778,69.59999847,1.90970075,1785.16821289,1785.09997559,2.41829562
2016-03-13,400.71795654,400.69000244,0.37571597,107,72.46635437,72.50000000,0.89589697,1787.61682129,1787.50000000,1.68838561
2016-03-14,400.81774902,400.76000977,0.43847749,49,65.33877563,64.90000153,1.29531479,1780.55920410,1780.09997559,1.97029555
2016-03-15,400.76095581,400.76501465,0.45227003,158,72.57785034,72.69999695,0.88242745,1789.01464844,1789.05004883,2.56834340
2016-03-17,400.52209473,400.46502686,0.73015124,24,79.05833435,79.40000153,1.73804414,1798.29162598,1797.75000000,3.21381950
2016-03-22,400.59332275,400.54000854,0.47107828,30,73.81999969,73.80000305,0.42701814,1793.86328125,1793.69995117,1.81651175
2016-03-23,400.03164673,399.92999268,0.45788890,6,75.13333130,75.14999390,0.37237924,1794.93322754,1794.34997559,2.44678974
2016-03-25,399.73135376,399.70001221,0.77895302,37,78.72702789,78.69999695,0.47763804,1794.68115234,1794.50000000,3.18090725
2016-03-26,399.97000122,399.97000122,,1,75.19999695,75.19999695,,1798.90002441,1798.90002441,
2016-03-27,399.84140015,399.79000854,0.55094445,152,73.44605255,73.75000000,1.06272674,1796.00122070,1795.79992676,2.13122225
2016-03-28,400.27163696,400.30499268,0.64010310,292,71.54657745,71.90000153,1.73011196,1793.33020020,1793.30004883,2.60721326
2016-03-29,399.84326172,399.76000977,0.50181425,120,70.54750061,70.55000305,0.63800687,1793.33581543,1793.50000000,2.15222788
2016-04-01,400.48202515,400.52999878,0.54083019,93,61.63871002,61.20000076,1.93036556,1789.78930664,1790.00000000,2.55203629
2016-04-02,401.08575439,401.05999756,0.48774117,246,70.62641907,71.09999847,2.15159941,1796.87023926,1796.34997559,3.01464772
2016-04-03,401.11883545,401.07000732,0.51536763,26,72.73845673,72.85000610,0.38582653,1797.14990234,1797.59997559,2.06054544
2016-04-05,401.14001465,401.32501221,0.45725083,6,70.75000000,70.64999390,0.40865794,1792.86669922,1793.29992676,1.69546628
2016-04-06,399.87600708,399.75000000,0.66428989,15,69.76000214,70.00000000,0.79084104,1789.06665039,1788.69995117,1.90399277
2016-04-07,401.01995850,401.01998901,0.45467752,239,69.04769897,69.30000305,1.63870752,1792.61999512,1792.50000000,2.50665331
2016-04-08,400.59619141,400.67999268,0.55990767,121,71.65289307,71.90000153,1.13578701,1796.11083984,1796.00000000,2.73431206
2016-04-10,400.33868408,400.38000488,0.45711434,46,68.67826080,68.69999695,0.62960738,1790.01525879,1789.89990234,2.00210977
2016-04-13,401.16799927,401.02999878,0.46751377,5,69.45999908,69.59999847,0.44497138,1789.04003906,1788.80004883,1.52902997
2016-04-15,401.02334595,400.97497559,0.49604627,30,71.01667023,71.09999847,0.64865083,1793.22668457,1792.84997559,2.17952204
2016-04-16,401.17901611,401.10998535,0.60076839,40,68.19499969,67.59999847,1.23806131,1795.91247559,1795.50000000,2.89732027
2016-04-17,401.59896851,401.57000732,0.49517819,117,67.51281738,67.50000000,0.66521168,1798.57617188,1798.69995117,2.77391410
2016-04-18,401.13391113,401.08001709,0.35544661,18,69.27777863,69.30000305,0.38433391,1795.66113281,1795.94995117,1.95452750
2016-04-19,401.17886353,401.27499390,0.84526676,18,68.16110992,68.25000000,0.68782640,1796.35559082,1797.55004883,4.52342510
2016-04-20,400.94595337,400.99499512,0.50942159,72,61.94444275,62.00000000,0.70588827,1790.82080078,1790.94995117,2.58380032
2016-04-22,400.62292480,400.66000366,0.43768984,17,70.37059021,70.40000153,0.49719849,1792.66479492,1793.09997559,2.20310783
2016-04-23,400.44000244,400.60000610,0.62664151,4,73.52500153,73.35000610,0.38621891,1795.00000000,1795.39990234,3.16337609
2016-04-26,401.91351318,401.85000610,0.61528927,185,71.67891693,71.50000000,1.17595387,1797.07189941,1798.40002441,4.33690405
2016-04-28,401.81069946,401.80999756,0.47096100,71,68.70140839,68.69999695,0.52112347,1796.25500488,1796.20007324,2.39612913
2016-05-01,401.87490845,401.79998779,0.60217339,265,71.02000427,70.90000153,0.81506646,1799.59020996,1799.40002441,2.74892616
2016-05-02,401.92187500,401.89999390,0.60199690,183,75.07431793,75.19999695,1.78431726,1799.87927246,1799.59997559,2.96129537
2016-05-03,401.90454102,401.81500244,0.57726121,92,77.84782410,77.85000610,0.53830767,1803.63806152,1803.69995117,2.50524187
2016-05-04,401.80215454,401.76998901,0.44135556,111,76.16847229,76.69999695,1.13905728,1803.33789062,1803.00000000,2.14094925
2016-05-05,402.12066650,401.92498779,0.89291584,30,77.62000275,77.55000305,0.57259172,1805.32006836,1805.05004883,3.79629469
2016-05-06,401.88308716,401.89501953,0.59028786,42,73.32142639,73.55000305,0.83535707,1800.20947266,1800.50000000,2.53825140
2016-05-07,401.81933594,401.75500488,0.47425523,74,63.48919296,63.50000000,0.46036562,1788.30126953,1788.00000000,2.21232104
2016-05-08,401.97531128,401.89001465,0.44418213,113,68.98672485,68.80000305,0.71956116,1794.93005371,1794.70007324,2.31397295
2016-05-09,401.91058350,401.92999268,0.46545634,121,70.23966980,70.59999847,1.55951262,1795.03479004,1794.80004883,2.26702881
2016-05-10,401.46957397,401.41000366,0.43404165,99,69.43131256,69.59999847,0.80453390,1793.56860352,1793.40002441,2.26029229
2016-05-11,401.52865601,401.50500488,0.44029361,212,66.94386292,67.00000000,0.68477684,1792.64428711,1792.50000000,2.08968210
2016-05-12,401.49993896,401.47000122,0.48559448,158,67.18733978,67.40000153,0.71478796,1788.57080078,1788.40002441,2.22994041
2016-05-13,401.58425903,401.57000732,0.33196276,256,66.21132660,66.69999695,1.29405439,1788.07885742,1787.90002441,2.67457438
2016-05-14,401.59317017,401.54998779,0.44689155,231,66.64848328,66.59999847,0.50431603,1791.80383301,1791.69995117,1.95870960
2016-05-15,401.56744385,401.52999878,0.46395594,186,68.28548431,68.40000153,0.56411046,1792.97045898,1792.79992676,1.98598790
2016-05-16,401.43536377,401.45001221,0.40409923,71,70.79718781,70.80000305,0.42290583,1791.53234863,1791.59997559,1.73474860
2016-05-17,401.21542358,401.17498779,0.33579174,24,68.57917023,68.50000000,0.65473396,1790.32080078,1790.65002441,1.87175131
2016-05-18,401.82290649,401.76000977,0.62205219,113,66.17876434,66.19999695,0.57328194,1789.21325684,1789.10009766,2.27460575
2016-05-19,401.55819702,401.66998291,0.62125587,72,68.23611450,67.59999847,1.71950781,1790.12353516,1790.30004883,2.04447007
2016-05-20,401.48187256,401.45001221,0.42087987,91,63.63956070,63.59999847,0.52193660,1789.37683105,1789.19995117,1.81186616
2016-05-21,401.89700317,401.83999634,0.63565010,121,65.49008179,65.50000000,1.55640626,1792.11645508,1791.50000000,3.09971333
2016-05-22,402.04180908,402.07501221,0.81838471,126,69.02777863,68.90000153,1.17715859,1788.89208984,1788.69995117,3.76203632
2016-07-12,402.71002197,402.61999512,0.38738114,4,64.84999847,64.85000610,0.28867382,1792.75000000,1792.94995117,1.08474600
2016-07-13,402.77151489,402.76000977,0.28586102,339,63.85132599,63.90000153,0.53605747,1792.77197266,1792.79992676,1.32308388
2016-07-14,402.77865601,402.79000854,0.28352225,218,60.70045853,60.79999924,1.45429587,1793.66601562,1793.75000000,1.42280149
2016-07-15,403.02389526,403.03500366,0.28915092,100,60.96299744,60.95000076,1.57285416,1792.40905762,1792.59997559,1.68157780
2016-07-16,403.13513184,403.14001465,0.31261060,220,63.98409271,64.50000000,2.41138315,1792.17358398,1792.34997559,2.48215771
2016-07-17,402.66381836,402.66998291,0.31143078,110,58.58272934,58.65000153,0.84069210,1790.27917480,1790.40002441,1.40621281
2016-07-18,402.72637939,402.75500488,0.31160671,204,63.79362869,63.79999924,0.43877199,1794.02502441,1794.10009766,1.46462893
2016-07-20,402.62500000,402.64501953,0.36921716,18,70.76667023,70.59999847,0.40146750,1788.98889160,1788.90002441,1.77460921
2016-07-21,402.80999756,402.79998779,0.43320236,80,68.32749939,68.19999695,0.53057742,1789.58374023,1789.40002441,1.92495048
2016-07-22,402.91744995,402.89999390,0.42429191,91,68.46044159,68.80000305,1.19274414,1791.25927734,1791.30004883,1.82993388
2016-07-23,402.59808350,402.57000732,0.29600590,100,66.64799500,66.69999695,0.73751980,1793.18701172,1793.20007324,1.38853753
2016-07-24,402.82730103,402.82998657,0.37261993,164,63.50244141,63.59999847,0.56132513,1797.77014160,1797.75000000,1.64414489
2016-07-25,402.73440552,402.73999023,0.33920678,134,63.55223846,63.59999847,0.60109144,1796.71118164,1796.50000000,1.58573258
2016-07-26,402.76092529,402.73999023,0.31072959,216,66.19629669,66.69999695,1.35144520,1795.12731934,1795.60009766,2.09868121
2016-07-27,402.62771606,402.63000488,0.30838707,288,66.05034637,66.09999847,0.69912851,1791.98327637,1792.00000000,1.59157574
2016-07-28,402.80276489,402.80499268,0.28672764,384,64.44765472,65.09999847,1.47373700,1791.82763672,1791.90002441,1.31836474
2016-07-29,402.69735718,402.70501709,0.32224980,118,62.57711792,63.44999695,1.91795003,1790.56701660,1790.19995117,1.80986035
2016-07-30,402.28918457,402.29000854,0.28837726,342,74.71433258,74.69999695,0.89504963,1796.82543945,1796.85009766,2.28373623
2016-07-31,402.61602783,402.61999512,0.33360717,284,79.64718628,79.59999847,0.83256978,1800.11437988,1800.40002441,2.05202103
2016-08-01,402.59463501,402.60998535,0.37213078,304,78.23716736,78.30000305,1.51429915,1801.62292480,1801.55004883,1.92036176
2016-08-02,402.57241821,402.56500244,0.35938549,372,73.06451416,73.00000000,0.93245119,1796.80102539,1796.85009766,1.78469157
2016-08-03,402.58358765,402.57998657,0.41113517,182,64.98901367,64.90000153,0.68921441,1788.12683105,1788.30004883,1.70034087
2016-08-04,403.40036011,403.42498779,0.28135392,28,61.53571320,61.70000076,0.57233369,1787.92150879,1788.05004883,1.30110526
2016-08-12,402.31826782,402.31500244,0.32662904,312,69.77339935,69.40000153,1.13294578,1799.43750000,1799.50000000,1.93318534
2016-08-13,402.37884521,402.32000732,0.43662447,129,62.81550598,62.40000153,1.32991111,1796.45422363,1796.90002441,2.77249932
2016-08-14,402.52813721,402.51998901,0.34550318,358,64.09580994,63.90000153,1.21129560,1794.27832031,1794.19995117,1.78047800
2016-08-15,402.35824585,402.34500122,0.35341290,206,63.57329941,63.59999847,0.59928083,1790.58984375,1790.59997559,1.71493757
2016-08-16,402.60226440,402.59500122,0.40176141,44,70.40908813,70.05000305,1.07201564,1791.66589355,1791.59997559,1.84453487
2016-08-17,402.44976807,402.59997559,0.76714569,40,70.91249847,71.00000000,0.89962649,1795.99255371,1796.59997559,3.81551313
2016-08-18,402.45834351,402.45501709,0.30830765,228,67.66359711,67.59999847,0.59405220,1796.86706543,1796.80004883,1.41125381
2016-08-19,403.02670288,402.58502197,1.22079515,6,68.48332977,68.40000153,0.30605191,1799.75000000,1798.75000000,3.13986444
2016-08-20,402.47000122,402.35998535,0.40728265,6,79.96666718,79.85000610,0.48027587,1802.36669922,1802.34997559,1.57820928
2016-08-21,402.57995605,402.57998657,0.33213481,166,81.04759216,81.19999695,0.75298995,1808.08190918,1808.09997559,1.89527237
2016-08-22,402.49072266,402.45501709,0.36521381,150,77.62066650,77.55000305,0.78280985,1805.84667969,1805.69995117,1.52634990
2016-08-23,402.46609497,402.45999146,0.29393899,90,76.75888824,76.75000000,0.79477108,1802.31665039,1802.40002441,1.29417264
2016-08-24,402.76614380,402.74499512,0.32024652,212,88.99858093,89.59999847,4.32930613,1794.52783203,1794.50000000,1.73751938
2016-08-25,402.56945801,402.57000732,0.38485810,242,77.43264008,76.19999695,3.44523954,1792.83471680,1792.90002441,1.70839775
2016-08-26,403.13925171,403.13000488,0.36369446,134,75.33283234,75.40000153,0.73174804,1790.14855957,1790.19995117,1.46880686
2016-08-27,403.41137695,403.40499878,0.32374126,138,91.99203491,91.59999847,1.74511027,1797.52600098,1797.65002441,1.84851110
2016-08-28,402.11477661,402.13500977,0.44253075,266,75.51766968,75.25000000,1.56386888,1794.82971191,1795.00000000,1.86579275
2016-08-29,402.25851440,402.26501465,0.32951868,302,64.75860596,64.90000153,1.33485425,1794.00329590,1794.19995117,2.10079026
2016-08-30,402.18829346,402.22000122,0.38196805,176,62.92897797,63.04999924,1.32889259,1794.79443359,1794.84997559,2.21317363
2016-08-31,402.51858521,402.51000977,0.35778314,198,83.98232269,84.19999695,1.09773207,1799.88342285,1799.85009766,1.91001821
2016-09-01,402.41262817,402.39999390,0.38996181,286,91.86188507,93.09999847,3.01396418,1795.53259277,1795.40002441,1.69340086
2016-09-02,401.94577026,401.92498779,0.34517220,128,78.25234222,78.25000000,0.78619635,1787.70153809,1787.40002441,1.69683468
2016-09-06,401.73318481,401.71499634,0.40116754,98,80.37142944,80.55000305,1.60141683,1800.73974609,1800.35009766,2.17998481
2016-09-07,401.86611938,401.85498047,0.60563016,276,78.76847839,78.59999847,1.59614968,1798.43359375,1798.19995117,2.97873855
2016-09-08,402.42459106,402.39999390,0.33512223,196,88.54846954,88.59999847,0.82601768,1800.22802734,1800.00000000,1.67349720
2016-09-09,402.55737305,402.54498291,0.36930001,360,87.41611481,86.69999695,2.20059896,1797.28942871,1797.29992676,2.04953647
2016-09-10,402.48999023,402.57501221,0.41906989,10,82.40999603,82.30000305,0.81846708,1796.71997070,1796.50000000,1.40854847
2016-09-11,402.20428467,402.20001221,0.46685585,337,82.81127930,83.09999847,1.38135648,1797.41894531,1797.40002441,1.85197663
2016-09-12,402.05487061,402.05499268,0.34736198,74,98.79324341,97.19999695,6.46445131,1797.27697754,1797.40002441,1.78176272
2016-09-13,402.39859009,402.42999268,0.47228956,42,100.40714264,102.05000305,3.44676542,1792.16186523,1792.09997559,2.65091038
2016-09-14,400.91998291,400.91998291,0.46669307,2,93.75000000,93.75000000,1.06066012,1787.34997559,1787.34997559,2.61626053
2016-09-15,402.13592529,402.11499023,0.36897326,122,90.16638947,90.19999695,0.79259086,1791.92700195,1791.94995117,1.79075491
2016-09-16,402.16717529,402.04000854,0.66804147,46,93.15217590,92.15000153,5.85604143,1787.44787598,1787.00000000,3.25827193
2016-09-17,402.45010376,402.45001221,0.42304841,84,91.28452301,91.30000305,1.67169893,1787.79406738,1787.60009766,1.76275837
2016-09-18,401.88507080,401.89999390,0.37638399,220,95.28181458,97.80000305,5.74460506,1791.95495605,1792.00000000,1.72706902
2016-09-19,401.75054932,401.76000977,0.36737692,340,93.22823334,93.59999847,1.51982832,1797.24377441,1797.09997559,1.73990083
2016-09-20,401.78509521,401.79498291,0.42576838,304,83.57664490,83.50000000,2.54036999,1795.46154785,1795.40002441,1.99889314
2016-09-21,401.70419312,401.63000488,0.45662171,24,76.92916107,77.00000000,0.85235184,1795.97497559,1796.00000000,1.77891803
2016-09-23,401.80026245,401.78500366,0.44026390,154,78.91428375,78.90000153,2.09395123,1794.59155273,1794.55004883,2.47028852
2016-09-24,401.85131836,401.82998657,0.48336738,246,86.43048859,87.00000000,3.51825666,1800.41992188,1800.44995117,2.31717205
2016-09-25,401.69546509,401.67498779,0.46279126,128,78.88515472,78.69999695,1.54247415,1795.27185059,1795.14990234,2.50526381
2016-09-26,402.39300537,402.45001221,0.37380800,123,97.01951599,97.00000000,0.85369569,1802.63659668,1802.19995117,2.50828838
2016-09-27,402.22808838,402.25000000,0.43555266,146,90.25205231,90.05000305,2.03920913,1790.61853027,1790.59997559,2.00230289
2016-09-28,402.30160522,402.30999756,0.39281407,338,91.89526367,91.90000153,1.00052297,1789.29382324,1789.29992676,2.03374577
2016-09-29,402.27951050,402.29998779,0.47583526,276,91.96666718,93.09999847,3.54217863,1792.70690918,1792.79992676,2.34811664
2016-09-30,401.90948486,401.90002441,0.44604319,272,84.10588837,84.00000000,1.04865170,1792.80395508,1792.55004883,2.52760434
2016-10-01,402.09326172,402.08999634,0.56710035,107,84.87663269,87.40000153,3.99621487,1791.01953125,1791.50000000,3.01321578
2016-10-02,402.20236206,402.19500732,0.37588403,254,79.47953033,79.09999847,1.38191819,1787.88354492,1787.60009766,2.16786528
2016-10-03,402.71188354,402.61999512,0.59430045,16,96.88124847,97.30000305,1.47748411,1796.92504883,1797.35009766,2.52758312
2016-10-04,401.54498291,401.54498291,0.71416318,2,101.55000305,101.55000305,0.21212880,1795.34985352,1795.34985352,1.48490703
2016-10-05,402.41256714,402.42999268,0.44539699,320,105.64843750,105.69999695,1.36087215,1794.55932617,1794.65002441,2.22315621
2016-10-08,403.06542969,402.97500610,1.04011548,142,94.41127014,94.40000153,0.68116510,1794.60217285,1794.29992676,4.77210712
2016-10-09,402.02886963,402.07000732,0.51779830,270,84.31037140,83.59999847,2.83499861,1794.53698730,1794.59997559,2.38364005
2016-10-10,402.06753540,402.08499146,0.52309173,178,79.76010895,79.80000305,0.83931231,1796.41796875,1796.40002441,2.29248643
2016-10-11,402.33911133,402.35000610,0.42370272,326,83.58926392,83.80000305,1.22972465,1798.23657227,1798.30004883,2.06136560
2016-10-12,401.86566162,401.88000488,0.41160098,274,83.19342804,83.40000153,1.30461025,1794.83874512,1794.89990234,2.18897557
2016-10-13,402.33847046,402.30999756,0.45968777,220,88.23454285,88.59999847,1.51147425,1794.13598633,1793.90002441,2.35580063
2016-10-14,402.54302979,402.48498535,0.53791219,216,84.53009033,84.59999847,1.27603018,1792.21337891,1792.40002441,2.58834243
2016-10-15,402.69418335,402.77499390,0.61835849,60,84.55500031,85.00000000,1.32772613,1791.16491699,1791.15002441,2.77145743
2016-10-17,403.18035889,403.18499756,0.51395708,370,95.78054047,94.69999695,3.30682945,1784.37109375,1784.19995117,2.86515403
2016-10-18,402.81317139,402.82501221,0.52834791,82,99.05122375,99.09999847,0.80710495,1790.34643555,1790.44995117,3.00934052
2016-10-19,402.31002808,402.32000732,0.47162694,154,92.47467041,92.40000153,0.66249311,1792.18054199,1792.14990234,2.13786530
2016-10-20,402.75552368,402.80999756,0.59502727,354,101.66977692,101.80000305,1.13956249,1786.13098145,1786.09997559,2.45085597
2016-10-21,402.00549316,401.98999023,0.62613595,165,91.02787781,91.30000305,1.93285429,1786.56726074,1786.39990234,3.03897738
2016-10-22,402.19421387,402.20999146,0.58003610,402,91.22387695,91.44999695,1.80828691,1785.16491699,1785.00000000,2.71780682
2016-10-23,401.77584839,401.84500122,0.53964883,174,90.11091614,90.44999695,1.35268795,1789.88403320,1789.59997559,2.83937216
2016-10-24,401.86981201,401.85000610,0.50784755,114,84.47982788,84.50000000,0.91295326,1786.51928711,1786.39990234,2.48049760
2016-10-25,401.21548462,401.15002441,0.51889729,42,75.49285889,75.50000000,0.66750097,1787.14990234,1787.55004883,2.51805758
2016-10-26,401.19561768,401.32000732,0.43989420,16,72.15000153,72.25000000,0.92014492,1782.30004883,1782.40002441,2.08550525
2016-10-28,402.48165894,402.57501221,0.36889935,12,91.87500000,91.44999695,1.95314348,1789.38330078,1790.00000000,2.83610439
2016-10-29,402.16751099,402.27001953,0.33088660,4,99.15000153,99.25000000,0.31091484,1784.69995117,1784.80004883,1.57269025
2016-10-30,402.21249390,402.13000488,0.33357966,16,82.38749695,82.44999695,0.90912074,1783.26257324,1783.20007324,1.28004074
2016-10-31,402.56805420,402.74499512,0.60842073,36,87.33611298,87.40000153,0.69247121,1790.77490234,1791.15002441,2.31447411
2016-11-01,402.40072632,402.41500854,0.57379961,356,88.49410248,88.90000153,1.95890009,1788.46032715,1788.50000000,2.82600999
2016-11-03,403.11907959,403.16000366,0.50619137,78,92.29871368,92.40000153,1.49852657,1788.82568359,1788.69995117,3.16426897
2016-11-04,401.90768433,401.86999512,0.54830617,52,84.58846283,83.40000153,2.58211422,1783.32690430,1782.94995117,3.24835443
2016-11-05,401.39645386,401.38000488,0.68507141,116,75.48965454,75.55000305,1.15007579,1783.30957031,1783.40002441,3.46558261
2016-11-06,401.33432007,401.29998779,0.59704387,274,68.56605530,68.69999695,1.18088317,1780.67956543,1780.59997559,2.86772156
2016-11-07,401.58767700,401.55499268,0.53753507,30,74.67333221,74.94999695,0.79478228,1780.20666504,1779.80004883,2.60860419
2016-11-08,401.81405640,401.83999634,0.54230905,128,80.33203125,80.30000305,0.93983871,1784.64453125,1784.40002441,2.56483793
2016-11-09,401.86352539,401.83499146,0.58526313,48,80.43958282,80.50000000,0.54058295,1787.04589844,1787.05004883,2.88598418
2016-11-10,402.11193848,402.22000122,0.65129077,78,83.32691956,83.40000153,1.08168662,1788.26538086,1788.40002441,2.84623146
2016-11-11,401.85598755,401.84500122,0.59067339,238,77.45378113,77.40000153,1.23269713,1781.80627441,1782.09997559,2.89841652
2016-11-12,402.01953125,402.01000977,0.90623403,381,80.87689972,80.90000153,1.25934052,1784.82116699,1784.80004883,3.12190700
2016-11-13,402.35113525,402.23999023,0.80581456,26,77.69615173,77.50000000,1.15151405,1781.52685547,1781.90002441,2.80120468
2016-11-14,402.18551636,402.19000244,0.83916688,67,79.64477539,79.50000000,0.82172805,1782.07763672,1781.70007324,4.06032944
2016-11-15,402.25250244,402.39501953,0.40407196,20,79.69000244,79.75000000,0.83028150,1781.96508789,1782.00000000,1.90934050
2016-11-17,402.03424072,401.95001221,0.54662615,137,73.22190094,73.30000305,1.00445437,1784.28039551,1784.19995117,2.66750622
2016-11-18,402.03750610,402.01000977,0.68864626,92,74.35978699,74.50000000,0.77403760,1788.32824707,1787.94995117,3.04470038
2016-11-19,402.49179077,402.45999146,0.52168638,174,80.50574493,80.59999847,1.29653680,1791.77587891,1791.55004883,2.73265004
2016-11-20,402.48959351,402.51998901,0.57982564,74,83.57567596,83.80000305,1.38374221,1784.00000000,1783.90002441,3.09975028
2016-11-21,402.53137207,402.47500610,0.64630038,44,80.01364136,80.00000000,0.77357239,1784.51599121,1784.25000000,3.20384526
2016-11-22,402.39434814,402.43499756,0.59520268,92,74.75434875,75.50000000,1.90039957,1785.01086426,1785.05004883,2.68715119
2016-11-24,402.40917969,402.45999146,0.66916537,199,78.02813721,78.50000000,1.98649788,1789.55480957,1789.80004883,3.36415172
2016-11-29,402.94000244,402.97998047,0.61886531,4,83.64999390,83.69999695,0.84261602,1783.14990234,1783.55004883,2.37279677
2016-11-30,402.23999023,402.29498291,0.96280950,12,73.51667023,73.69999695,1.07689321,1780.81677246,1781.35009766,4.59106779
2016-12-01,402.29916382,402.39001465,0.56306869,12,67.53333282,67.35000610,0.71009994,1782.08337402,1782.80004883,3.16251850
2016-12-02,402.28640747,402.20999146,0.66649753,145,69.64138031,69.80000305,1.19713700,1781.15173340,1781.40002441,3.33169079
2016-12-06,401.84082031,401.70001221,0.71201307,72,64.71666718,64.59999847,2.08184648,1785.68896484,1786.25000000,3.62873435
2016-12-07,402.07510376,402.07998657,0.68764383,116,66.97758484,67.00000000,1.34242368,1783.04919434,1782.69995117,2.80221581
2016-12-08,401.98611450,401.95999146,0.63159317,134,61.48208618,61.59999847,1.30394709,1779.58801270,1779.00000000,3.25931859
2016-12-09,402.18783569,402.14999390,0.66269630,224,62.98883820,62.79999924,1.29025686,1785.44018555,1785.40002441,3.15331769
2016-12-10,402.23620605,402.26501465,0.75041503,124,65.60403442,65.50000000,1.08795321,1786.93957520,1786.90002441,3.68236065
2016-12-12,402.23602295,402.13000488,0.79024786,20,66.20999908,66.14999390,0.97110868,1788.19494629,1788.00000000,4.09525156
2016-12-13,402.41589355,402.44500732,0.63160437,268,65.16268158,65.09999847,1.13765454,1785.64367676,1785.75000000,3.39386511
2016-12-14,402.61401367,402.60998535,0.71391863,77,66.08701324,65.80000305,1.38329768,1788.71545410,1788.69995117,2.96399522
2016-12-15,402.35980225,402.23498535,0.57142901,46,65.21521759,65.14999390,0.65691787,1784.01525879,1783.94995117,2.76380873
2016-12-16,402.37643433,402.42999268,0.82195002,81,62.81851578,62.79999924,1.05902195,1787.03588867,1786.39990234,4.07337666
2016-12-17,402.17984009,402.14001465,0.84808934,145,64.16069031,64.19999695,1.00071478,1780.48486328,1780.19995117,4.12392426
2016-12-18,402.86499023,402.80499268,0.53162652,8,66.17500305,65.69999695,1.11962903,1780.28747559,1780.44995117,2.24336696
2016-12-19,402.26513672,402.30999756,0.78433919,117,65.56837463,65.09999847,2.00961685,1782.11035156,1781.80004883,4.35947990
2016-12-20,402.31628418,402.29498291,0.77633852,372,68.55886841,68.69999695,1.33194304,1788.59814453,1788.40002441,4.06914186
2016-12-23,402.65304565,402.73001099,0.66313183,111,63.71441269,63.70000076,0.67296416,1783.45764160,1783.69995117,3.19247246
2016-12-24,402.78701782,402.64999390,0.78454530,20,65.63999939,65.64999390,0.56326127,1788.05505371,1788.35009766,3.00780106
2016-12-25,402.46466064,402.43499756,0.68081546,204,67.11029053,67.44999695,1.59000635,1787.57934570,1787.35009766,3.33802915
2016-12-26,402.50277710,402.48999023,0.71006781,231,71.52554321,71.50000000,1.20625091,1791.76916504,1791.69995117,3.53295660
2016-12-27,402.44854736,402.42001343,0.78400546,330,73.19454193,73.19999695,1.10600746,1795.49597168,1795.35009766,3.75231123
2016-12-28,402.53729248,402.54998779,0.74315470,328,69.22408295,69.19999695,0.94587427,1789.71435547,1789.40002441,3.42553544
2016-12-29,402.43344116,402.42999268,0.72902089,339,63.10766983,63.50000000,1.70502210,1788.59851074,1788.40002441,3.95410800
2016-12-30,402.10232544,402.08999634,0.55870587,146,64.58561707,64.40000153,1.26926470,1787.80761719,1787.60009766,2.79413438
2016-12-31,402.26773071,402.26998901,0.77229381,286,67.31573486,67.19999695,1.21421289,1783.88354492,1784.00000000,3.84339881
2017-01-01,402.36437988,402.30499268,0.77153373,268,63.82723618,64.00000000,1.23150170,1785.19958496,1785.19995117,3.91795731
2017-01-02,402.05081177,402.07501221,0.88984376,12,67.68333435,67.44999695,1.07011747,1780.83337402,1781.80004883,4.30861330
2017-01-03,402.29092407,402.29000854,0.80892700,368,67.78858185,68.30000305,1.87399518,1787.17895508,1787.30004883,3.75097156
2017-01-04,401.85458374,401.82501221,0.75581300,24,62.10833359,62.25000000,1.15604925,1778.99169922,1778.59997559,2.52050972
2017-01-05,402.09228516,402.09500122,0.80076134,230,61.36000061,61.29999924,1.02145541,1781.77783203,1781.50000000,3.71336198
2017-01-06,402.22750854,402.26000977,0.92352420,193,60.88963699,60.59999847,1.27315903,1779.34619141,1779.09997559,4.29380083
2017-01-07,402.09402466,402.08999634,0.75989044,280,59.82035446,59.79999924,1.00406682,1775.13146973,1775.19995117,3.46013045
2017-01-08,402.10955811,402.10998535,0.73471320,210,58.70142746,58.70000076,1.10442686,1778.38659668,1778.59997559,3.35115194
2017-01-09,401.72463989,401.81500244,0.86479777,28,58.31071091,58.65000153,1.03863859,1775.71069336,1776.15014648,4.01675224
2017-01-10,402.20108032,402.25500488,0.84943497,392,58.24387741,58.25000000,1.46581268,1776.37377930,1776.40002441,4.16789961
2017-01-11,401.87368774,401.84500122,0.77522892,218,63.60458755,63.59999847,1.17272258,1782.18664551,1782.05004883,4.03239965
2017-01-12,401.82028198,401.88000488,0.72315234,177,62.60734558,62.59999847,0.85120374,1780.55700684,1780.40002441,3.37023735
2017-01-13,401.90399170,401.82998657,0.69238877,70,58.90571213,59.09999847,1.09820473,1778.75146484,1778.59997559,3.51991773
2017-01-14,402.36840820,402.39501953,0.77474689,424,56.88514328,56.79999924,1.10348308,1785.02636719,1785.30004883,3.97300339
2017-01-15,402.20605469,402.13000488,0.83774209,224,55.31160736,55.20000076,0.94870651,1781.74145508,1781.75000000,4.02420282
2017-01-16,402.34716797,402.19000244,0.87809950,57,56.00701523,56.00000000,1.01679802,1778.52270508,1778.59997559,4.38231516
2017-01-17,402.37225342,402.34997559,0.83036077,142,57.91408157,58.00000000,1.18809640,1782.22387695,1782.25000000,4.22409534
2017-01-18,402.22064209,402.25500488,0.89484781,242,54.95206833,54.90000153,1.55230272,1779.24719238,1779.14990234,3.84932160
2017-01-19,402.06845093,402.04000854,0.75613558,243,54.42757416,54.29999924,0.99204540,1778.03454590,1777.50000000,4.10934162
2017-01-20,401.96029663,402.00000000,0.86083168,139,54.89352798,55.20000076,1.18555367,1779.94958496,1780.00000000,5.06741190
2017-01-21,401.88195801,401.94000244,0.92481399,152,55.72829056,55.50000000,1.32347214,1779.00451660,1779.25000000,4.60196161
2017-01-22,402.10140991,402.10998535,0.76148939,36,52.70277786,52.54999924,0.83306164,1780.24450684,1780.59997559,3.64264035
2017-01-23,402.26748657,402.72497559,0.88369215,8,58.38750076,58.40000153,1.12178147,1783.46252441,1782.09997559,5.18542910
2017-01-24,401.98388672,402.06500244,0.79179060,18,58.82777786,59.00000000,1.13438559,1778.74450684,1779.69995117,4.33267164
2017-01-25,402.23510742,402.20001221,0.74699885,200,61.95000076,61.90000153,0.96261770,1787.26245117,1786.90002441,3.89373350
2017-01-26,401.99710083,402.02999878,1.09343779,362,60.35662842,60.20000076,1.07323146,1784.63293457,1784.65002441,5.00405788
2017-01-27,402.01971436,402.07000732,0.76353103,67,60.19403076,60.20000076,1.00692749,1782.27612305,1782.00000000,3.69073606
2017-01-28,401.94104004,401.82000732,0.94142264,97,59.68350220,59.59999847,0.83112377,1785.08972168,1785.09997559,4.16702032
2017-01-29,401.90475464,401.89501953,0.74286467,174,63.95919800,64.00000000,1.22389615,1787.11730957,1786.80004883,3.88681149
2017-01-30,401.94848633,402.01998901,0.74909645,197,62.10964203,62.20000076,1.17697227,1783.47619629,1783.59997559,3.62413931
2017-01-31,401.30767822,401.26998901,0.72451043,147,65.46939087,65.59999847,1.56698000,1784.24768066,1784.10009766,4.14450359
2017-02-01,400.82800293,400.73001099,0.86303067,130,65.55845642,65.59999847,1.24898601,1784.20227051,1783.90002441,4.15901518
2017-02-02,401.33645630,401.34500122,0.66490436,144,66.97847748,67.00000000,1.04828620,1789.12353516,1788.90002441,4.81181574
2017-02-03,401.84960938,401.97000122,0.78608596,98,67.48775482,68.19999695,2.89123321,1792.97033691,1792.75000000,3.79857206
2017-02-04,401.92544556,401.83999634,0.85007745,141,70.11063385,68.30000305,5.41778421,1790.07092285,1789.89990234,4.30056047
2017-02-05,401.84317017,401.98001099,1.29730928,19,66.06315613,65.90000153,0.94939196,1788.31042480,1788.40002441,5.23170471
2017-02-06,401.60498047,401.60498047,0.82732445,2,57.79999924,57.79999924,0.70710677,1777.15002441,1777.15002441,8.13172817
2017-02-11,402.21246338,402.17999268,0.87799209,117,72.51709747,71.90000153,4.22166586,1793.95983887,1794.00000000,3.94021988
2017-03-08,402.27520752,402.10000610,1.09760618,75,60.58666611,60.59999847,1.14033329,1782.06933594,1781.59997559,5.66162586
2017-03-09,402.54144287,402.16500854,0.89764982,14,62.82143021,63.09999847,1.10952377,1784.57141113,1784.19995117,3.83254361
2017-03-16,401.46911621,401.32998657,0.60714799,11,55.46363449,55.29999924,0.53716427,1775.60900879,1775.80004883,3.36970496
2017-03-17,401.73583984,401.74499512,0.45818624,340,54.82382202,55.00000000,1.02000213,1783.29174805,1783.50000000,2.62674165
2017-03-18,401.61413574,401.61999512,0.54316109,337,54.05430603,54.09999847,0.75584286,1779.65246582,1779.70007324,2.63505602
2017-03-19,401.19244385,401.16000366,0.82657033,347,60.10345840,60.09999847,1.19088030,1784.50183105,1784.59997559,2.28954625
2017-03-20,401.12655640,401.05999756,0.55577779,274,58.27372360,58.40000153,1.13077307,1786.12524414,1786.00000000,2.85340190
2017-03-21,401.12332153,401.07000732,0.52011752,342,58.09444809,58.20000076,0.77773172,1789.72912598,1789.40002441,2.79703856
2017-03-22,401.53225708,401.54000854,0.42314389,234,55.15042877,55.09999847,0.56059808,1788.96582031,1788.90002441,2.25764132
2017-03-23,401.80072021,401.77502441,0.50577444,84,55.83095169,56.00000000,0.97572654,1791.78576660,1791.59997559,2.65380478
2017-03-24,401.45672607,401.46002197,0.60061789,64,56.45624924,56.15000153,1.42938280,1784.02026367,1783.64990234,2.22497082
2017-03-27,400.78488159,400.80999756,0.67614925,51,59.62156677,59.70000076,0.59943748,1783.38635254,1782.90002441,2.89178205
2017-03-28,400.68997192,400.69000244,0.28028855,12,59.00000000,58.95000076,0.61051410,1782.34167480,1782.15014648,1.99610841
2017-03-29,401.47494507,401.47000122,0.40225443,109,58.74036789,58.79999924,0.56291568,1783.74768066,1784.00000000,2.01813507
2017-03-30,401.61453247,401.66500854,0.47501871,84,56.44999695,56.40000153,0.60150427,1778.66430664,1778.85009766,2.36064720
2017-04-02,401.11770630,401.13000488,0.41054794,48,56.26458359,56.29999924,0.41997412,1785.83337402,1785.19995117,2.35996628
2017-04-03,401.04779053,401.01501465,0.52104282,208,55.77451706,55.90000153,0.83363742,1783.11584473,1782.90002441,2.18302298
2017-04-04,401.06539917,401.04998779,0.55483198,279,55.74193573,55.79999924,0.78543234,1780.91369629,1780.90002441,2.03065681
2017-04-05,401.28762817,401.32501221,0.56837374,246,57.48455429,57.40000153,0.71285945,1781.95288086,1782.00000000,2.23992968
2017-04-06,401.35000610,401.39501953,0.32072341,4,56.09999847,56.00000000,0.52915061,1777.64990234,1778.19995117,1.83572888
2017-04-07,401.75601196,401.75000000,0.44358814,130,53.61230850,53.59999847,0.60000205,1783.80078125,1783.69995117,2.20160270
2017-04-08,402.05691528,402.02502441,0.54584855,90,56.14777374,56.34999847,0.96083170,1789.51892090,1789.44995117,3.37499404
2017-04-09,401.99890137,401.98999023,0.53857452,135,56.49037170,56.50000000,1.00698125,1789.42968750,1789.59997559,2.08784842
2017-04-10,401.52719116,401.54000854,0.57252604,120,55.95916748,56.00000000,0.76163191,1788.45837402,1788.35009766,2.56222510
2017-04-18,401.90707397,401.95999146,0.59759396,24,60.00833130,60.15000153,0.50640810,1793.07910156,1792.55004883,3.74825263
2017-04-20,401.66500854,401.66500854,0.30405074,2,68.05000305,68.05000305,0.21212880,1797.34997559,1797.34997559,1.06066012
2017-04-21,401.96243286,401.92001343,0.52101445,107,71.51121521,71.40000153,0.66023546,1805.08496094,1804.80004883,2.62574244
2017-04-23,402.14343262,402.11999512,0.61894250,260,60.18730927,60.04999924,0.81346792,1798.58227539,1798.40002441,3.57566881
2017-04-24,401.67050171,401.70501709,0.55839241,182,62.24230576,62.00000000,1.63991010,1799.63415527,1799.59997559,2.37952876
2017-04-26,402.07437134,402.02001953,0.33633637,32,65.69374847,65.69999695,0.38431981,1795.16870117,1795.19995117,1.89676654
2017-04-27,402.58084106,402.57000732,0.50064093,120,62.18666458,61.95000076,1.37577677,1793.14245605,1792.89990234,3.03509378
2017-04-28,401.86550903,401.91500854,0.53105104,40,64.19000244,64.35000610,1.05193353,1793.60998535,1793.40002441,2.55331492
2017-04-29,402.57000732,402.57000732,0.57983273,2,59.59999847,59.59999847,0.56568491,1785.39990234,1785.39990234,0.70719308
2017-05-01,402.62500000,402.44000244,0.46646509,6,62.04999924,62.19999695,0.76615959,1792.40002441,1791.69995117,2.13449645
2017-05-03,402.37878418,402.33999634,0.57170928,100,63.95299911,64.00000000,0.64674085,1793.59997559,1793.25000000,2.79584956
2017-05-04,402.44729614,402.43499756,0.47832212,100,65.36700439,65.30000305,0.62894094,1797.98999023,1798.00000000,2.30841637
2017-05-05,402.62652588,402.62500000,0.46492574,26,64.08460999,64.19999695,0.42018324,1795.45385742,1795.09997559,2.43346357
2017-05-06,402.54095459,402.50000000,0.37718722,21,58.19523621,58.00000000,0.44325608,1789.36193848,1789.19995117,2.01826572
2017-05-07,402.20629883,402.20001221,0.56038672,108,55.36203766,55.40000153,0.83506316,1792.29077148,1792.09997559,2.89599967
2017-05-08,402.54251099,402.57000732,0.51896852,40,57.39749908,57.40000153,0.53898650,1793.25000000,1793.05004883,2.96112919
2017-05-09,402.53903198,402.57998657,0.58545667,269,60.90780258,61.09999847,1.00882971,1800.08178711,1800.19995117,2.58884072
2017-05-13,402.94851685,402.97500610,0.60841078,318,66.78270721,66.90000153,0.96119469,1797.27001953,1797.40002441,2.83267856
2017-05-14,403.02203369,403.04998779,0.53087074,309,64.27152252,64.50000000,2.37157774,1795.83691406,1795.79992676,2.61753249
2017-05-15,403.34143066,403.35998535,0.55481309,176,67.50738525,67.59999847,1.07038116,1797.77160645,1797.70007324,2.32971311
2017-05-16,403.39688110,403.39999390,0.85014123,29,64.37586212,65.09999847,1.10053682,1797.68969727,1797.09997559,4.99023247
2017-05-17,403.35543823,403.33001709,0.52685535,90,62.27777863,62.40000153,0.74889839,1801.82556152,1801.69995117,2.67563033
2017-05-18,403.34075928,403.32000732,0.58159322,306,68.85752106,68.90000153,0.64127874,1805.99401855,1806.15002441,2.97170830
2017-05-23,403.06674194,403.07000732,0.50636917,92,61.82717514,61.75000000,0.60148221,1796.30432129,1796.59997559,2.23222589
2017-05-24,403.17034912,403.17001343,0.54473162,335,60.62298203,60.70000076,1.14035010,1796.76123047,1796.59997559,2.74975181
2017-05-25,403.27905273,403.27499390,0.53497446,322,58.20403671,58.29999924,0.65425700,1795.74316406,1795.60009766,2.78949523
2017-05-26,403.44186401,403.44000244,0.52783483,134,62.47537613,63.00000000,1.88362300,1803.02307129,1803.40002441,3.14446783
2017-05-27,403.43328857,403.44000244,0.54493147,282,65.53369141,65.69999695,0.73491949,1799.52062988,1799.75000000,3.34626269
2017-05-28,403.42858887,403.45001221,0.55683130,216,64.67037201,64.59999847,0.91882223,1796.80554199,1796.69995117,2.70177960
2017-05-29,403.37515259,403.35498047,0.51133287,68,60.78529358,60.59999847,0.77291167,1787.46618652,1787.14990234,2.91776013
2017-05-30,403.51507568,403.46499634,0.67544311,170,64.67353058,64.59999847,0.73866546,1786.32055664,1786.39990234,3.39180255
2017-06-15,404.03451538,404.13000488,0.62961757,86,64.60232544,64.09999847,1.85472214,1800.78955078,1801.00000000,3.07296014
2017-06-16,404.18020630,404.17498779,0.66037548,278,65.77122498,65.90000153,0.85634118,1800.64819336,1800.19995117,3.04865932
2017-06-17,403.89932251,403.89501953,0.49790296,74,63.95675278,63.90000153,0.44107008,1796.80004883,1796.50000000,2.33209014
2017-06-18,404.26193237,404.25000000,0.61578912,182,63.75714111,64.00000000,1.11569846,1798.41979980,1798.59997559,2.59816146
2017-06-19,403.62716675,403.45999146,0.44611996,7,63.21428680,63.09999847,0.66440219,1791.62866211,1792.40002441,2.51908708
2017-06-20,403.65875244,403.67498779,0.64338505,218,69.79632568,69.90000153,0.59210277,1792.91198730,1792.94995117,3.07500863
2017-06-21,403.59381104,403.67999268,0.51035804,84,73.78690338,73.80000305,0.47864783,1795.90124512,1796.15002441,2.57277989
2017-06-22,404.24893188,404.23001099,0.57029271,130,72.22692108,72.19999695,0.51771551,1798.89453125,1798.80004883,2.63041997
2017-06-23,404.13943481,404.10998535,0.65758723,289,66.93252563,66.90000153,0.52352411,1799.94738770,1800.19995117,2.80460143
2017-06-24,404.17712402,404.14501953,0.53337842,98,66.17142487,66.09999847,0.52798003,1800.03662109,1799.94995117,2.83794332
2017-06-25,404.19018555,404.23999023,0.49114296,118,66.68898010,66.69999695,0.66868740,1799.41357422,1799.59997559,2.27303600
2017-06-26,404.49249268,404.44000244,0.55101925,177,65.31412506,65.40000153,0.80125892,1798.65930176,1798.40002441,2.81029963
2017-06-27,404.12356567,404.26000977,0.72801322,56,63.81250000,64.14999390,1.13938749,1795.35351562,1795.64990234,3.22530603
2017-06-28,403.48294067,403.51000977,0.65901619,270,58.34148407,58.40000153,0.64576226,1791.15002441,1791.34997559,3.09576845
2017-06-29,403.35659790,403.33999634,0.65887743,322,68.27825928,68.30000305,0.70310366,1795.20068359,1795.30004883,3.05023885
2017-06-30,403.89068604,403.90499878,0.50866073,156,66.07756042,66.09999847,0.47554040,1795.48657227,1795.55004883,2.69233680
2017-07-01,403.60955811,403.63000488,0.58400798,90,62.30999756,62.29999924,0.53507352,1793.95556641,1794.15002441,2.77367282
2017-07-02,403.86108398,403.97000122,0.60401320,28,64.63214111,64.55000305,0.83402324,1793.95349121,1794.10009766,2.39220595
2017-07-04,403.76367188,403.71499634,0.73744446,152,62.65526199,62.70000076,0.50294369,1791.18957520,1791.44995117,3.46493030
2017-07-05,403.81378174,403.80999756,0.58662474,117,64.28205109,64.30000305,0.50439715,1794.17175293,1794.29992676,2.65475893
2017-07-06,403.83120728,403.89001465,0.71033865,288,65.52708435,65.80000305,1.10521209,1797.90905762,1798.19995117,3.36257243
2017-07-07,402.90310669,402.94000244,0.69016320,58,56.09482574,56.15000153,1.25871313,1783.36889648,1782.30004883,4.07250881
2017-07-08,403.26931763,403.22998047,0.66195679,144,55.19930649,55.29999924,0.86771911,1783.09094238,1782.79992676,2.79201603
2017-07-09,403.63793945,403.67498779,0.63073963,354,54.93078995,55.00000000,0.66973084,1789.86340332,1789.75000000,2.95434976
2017-07-10,403.78466797,403.80499268,0.59381992,156,55.90064240,55.90000153,0.73646897,1792.10131836,1791.90002441,3.06482339
2017-07-13,404.75283813,404.73999023,0.64310968,159,69.58050537,69.90000153,1.15864837,1809.81079102,1809.90002441,3.12084675
2017-08-02,403.99987793,404.10000610,0.56080675,103,67.75340271,67.50000000,1.06456411,1802.70385742,1802.59997559,2.81462622
2017-08-03,403.59399414,403.67001343,0.75583011,98,68.47448730,68.50000000,0.95876998,1802.32861328,1802.75000000,3.24271750
2017-08-04,403.70611572,403.69000244,0.65750915,121,69.35536957,69.19999695,0.75332052,1803.94042969,1803.69995117,3.33151913
2017-08-05,403.90716553,403.88000488,0.79985344,239,67.90083313,67.90000153,0.79229438,1800.44433594,1800.60009766,3.65143442
2017-08-06,403.88043213,403.85000610,0.71653855,241,67.07510376,67.19999695,0.90071887,1800.89831543,1800.40002441,3.75902033
2017-08-07,403.72827148,403.76501465,0.75634283,318,71.04276276,71.19999695,1.24093997,1800.96594238,1800.94995117,3.67553854
2017-08-08,403.89373779,403.94500732,0.43899158,8,69.73750305,70.05000305,0.76333499,1802.34997559,1801.00000000,3.51649022
2017-08-09,403.80090332,403.79998779,0.60640645,165,65.66000366,65.80000305,0.74439377,1796.32666016,1796.39990234,2.90762830
2017-08-10,403.75021362,403.54000854,0.85727924,45,65.90000153,65.69999695,1.20415962,1794.54675293,1795.09997559,4.15514517
2017-08-11,403.34893799,403.27999878,0.73700756,167,69.82634735,69.90000153,0.79100400,1798.68859863,1798.69995117,3.74865174
2017-08-12,403.68533325,403.66000366,0.79777080,269,72.85650635,72.80000305,0.75047529,1801.12268066,1801.50000000,3.91089392
2017-08-13,403.51632690,403.47000122,0.61995971,178,71.43708038,71.40000153,0.75162834,1799.33422852,1799.25000000,3.06791329
2017-08-14,403.89706421,403.83499146,0.54666126,58,72.33103943,72.30000305,0.54425406,1799.96203613,1799.55004883,3.04514837
2017-08-15,403.63305664,403.60000610,0.82298440,226,73.57521820,73.55000305,0.83293653,1801.92956543,1801.85009766,3.92022514
2017-08-16,403.88061523,403.91500854,0.70932120,34,68.93529510,68.80000305,0.85062653,1799.66479492,1799.90002441,2.99664712
2017-08-17,403.89035034,403.82501221,0.62738222,86,75.11627960,74.85000610,1.40049267,1803.36523438,1803.19995117,3.15999317
2017-08-18,403.73739624,403.67001343,0.74702781,219,70.58812714,70.69999695,0.64952016,1802.53564453,1802.40002441,3.54411435
2017-08-19,403.37020874,403.39999390,0.77490240,89,69.79663086,69.80000305,0.81120694,1796.93920898,1796.80004883,4.20944929
2017-08-20,403.44250488,403.53500366,0.77037168,32,68.76875305,68.75000000,0.53002602,1796.57812500,1796.75000000,3.28237677
2017-08-21,403.55212402,403.51501465,0.79808182,324,69.00308990,69.00000000,0.65962005,1797.23242188,1796.90002441,3.90915775
2017-08-22,403.73672485,403.75000000,0.65014309,98,75.21020508,75.00000000,1.23242199,1796.78063965,1796.90002441,3.36319661
2017-08-23,404.18310547,404.19500732,0.74482054,284,75.19788361,76.05000305,2.29585457,1799.74438477,1799.59997559,3.56233811
2017-08-24,403.83587646,403.83999634,0.75679338,317,74.98390961,75.09999847,1.16907406,1798.59997559,1798.30004883,3.64332366
2017-08-25,403.76501465,403.70001221,0.77761036,50,70.62999725,70.35000610,1.21256185,1796.23596191,1796.39990234,3.39398551
2017-09-25,404.47665405,404.48001099,1.09572744,92,103.04239655,102.94999695,1.77474546,1800.19665527,1800.05004883,4.95408058
2017-09-26,404.22369385,404.17999268,0.77299857,196,100.85918427,100.85000610,1.28025150,1798.68371582,1798.40002441,4.11074829
2017-09-27,404.27691650,404.27999878,0.74821430,90,107.83222961,107.90000153,0.69505918,1797.81567383,1797.59997559,3.12776828
2017-09-28,403.91134644,403.89999390,0.86207741,176,92.82614136,92.44999695,1.40150893,1798.21252441,1797.89990234,4.06547356
2017-09-29,403.80807495,403.94000244,0.82624418,130,89.14461517,89.50000000,1.67188609,1802.71997070,1802.89990234,3.87593174
2017-09-30,403.73416138,403.77499390,1.07993054,94,79.90425873,79.85000610,0.83767641,1798.72436523,1798.14990234,5.14159679
2017-10-01,403.74530029,403.72500610,0.81641757,66,89.85909271,89.00000000,3.22022319,1799.91821289,1799.30004883,4.26650667
2017-10-02,403.09643555,403.10998535,0.81176990,14,92.86428070,92.90000153,1.02702570,1800.72851562,1799.29992676,3.53127456
2017-10-03,404.29766846,404.32501221,0.78562135,160,107.51249695,107.40000153,1.24044764,1803.48754883,1803.35009766,4.03920174
2017-10-04,404.53921509,404.54998779,0.95618659,112,102.24732208,102.19999695,1.06457818,1801.92321777,1802.09997559,3.97657681
2017-10-05,404.28793335,404.20001221,0.89762652,73,89.20000458,89.40000153,0.62182546,1796.03149414,1795.90002441,3.86169720
2017-10-06,404.28347778,404.24499512,0.95770925,260,88.42115021,88.59999847,1.83144307,1792.99462891,1792.40002441,4.79459095
2017-10-12,404.58999634,404.57501221,0.85771585,50,102.90400696,103.05000305,1.31753683,1810.13208008,1810.44995117,4.38631058
2017-10-14,404.65859985,404.59500122,1.00587356,14,101.40000153,101.65000153,1.07130396,1797.23571777,1798.25000000,3.98816395
2017-10-17,405.07980347,405.04998779,0.93810642,213,106.11878204,106.09999847,1.25762749,1803.44274902,1802.89990234,4.44843626
2017-10-18,405.05834961,405.01000977,1.24075198,6,92.43332672,91.94999695,1.50554657,1807.13330078,1806.50000000,8.90560627
2017-10-20,404.55606079,404.51998901,1.09860802,371,92.28409576,91.90000153,3.24572754,1807.55261230,1807.59997559,5.17187166
2017-10-21,404.48843384,404.48001099,1.14992487,386,92.09118652,92.19999695,1.97974813,1804.20690918,1804.15014648,5.32157707
2017-10-22,404.50350952,404.52499390,1.05178976,338,98.75473785,98.30000305,2.12172437,1804.46008301,1804.34997559,4.83654928
2017-10-23,405.19702148,405.20001221,0.87834835,94,107.80744934,108.50000000,3.62951589,1799.76806641,1799.80004883,4.52412939
2017-10-24,405.51998901,405.34497070,0.66594154,8,99.06250000,99.19999695,0.83313119,1796.87500000,1796.64990234,3.84440160
2017-10-25,405.14868164,405.15499878,0.92115879,128,99.50312805,99.40000153,1.31436276,1799.83361816,1799.34997559,4.86364651
2017-10-26,404.47021484,404.48999023,1.11001015,393,78.41221619,78.50000000,1.80226719,1792.68481445,1792.40002441,5.31487370
2017-10-27,404.94760132,404.89001465,1.01763809,354,94.35198212,95.09999847,2.44175410,1795.70520020,1795.19995117,5.06599617
2017-10-28,404.89447021,404.87500000,1.09603500,112,97.88928223,98.35000610,1.92818630,1797.09826660,1797.09997559,5.65445280
2017-10-29,405.05865479,405.09500122,0.97478092,310,96.07677460,95.35000610,2.87876534,1799.56872559,1799.40002441,4.82012701
2017-10-30,405.68170166,405.69500732,1.07367373,42,110.03571320,110.44999695,2.04936981,1795.72619629,1795.50000000,5.39411354
2017-10-31,404.69247437,404.72500610,1.12814724,110,91.16999817,91.09999847,1.05800116,1796.30725098,1796.30004883,5.40863705
2017-11-01,404.65994263,404.77502441,1.06853151,180,87.25888824,87.25000000,1.47344422,1799.00500488,1798.69995117,5.50368500
2017-11-02,404.46813965,404.27001953,1.91624868,16,88.35624695,88.69999695,1.49798393,1797.28125000,1795.65002441,8.66626549
2017-11-03,404.64486694,404.58499146,1.15951753,152,87.48223877,87.50000000,2.15895176,1795.86181641,1795.84997559,5.94339037
2017-11-04,404.86190796,404.76000977,1.13967013,63,87.09682465,87.09999847,1.05340755,1796.69042969,1797.19995117,4.90416479
2017-11-05,404.55249023,404.86499023,1.02284706,8,80.23750305,80.60000610,1.66899204,1798.25000000,1799.00000000,4.01286268
2017-11-06,404.76123047,404.75500488,0.99394685,212,78.39764404,78.55000305,1.45065558,1797.52038574,1797.59997559,4.79745626
2017-11-07,404.79693604,404.74499512,1.18956268,154,77.85324860,77.80000305,1.02518404,1801.49475098,1801.25000000,5.90298939
2017-11-08,405.06970215,405.08999634,1.12832379,63,91.24127197,91.40000153,1.31610811,1803.39355469,1802.59997559,5.28692722
2017-11-09,405.06674194,405.25000000,1.16348469,40,98.63499451,99.50000000,2.67270637,1799.96997070,1800.94995117,6.11203480
2017-11-11,405.39578247,405.22998047,1.51310074,26,109.69230652,109.94999695,2.04312015,1797.00769043,1797.55004883,6.69643116
2017-11-15,404.31500244,404.31500244,2.66580629,2,75.05000305,75.05000305,0.07070960,1793.25000000,1793.25000000,0.49494022
2017-11-16,404.77059937,405.04998779,1.25254226,68,76.42646790,76.69999695,1.38742936,1788.83093262,1789.19995117,6.01876020
2017-11-17,404.92926025,404.95001221,1.32963359,83,70.75301361,70.59999847,1.00733125,1786.86633301,1787.09997559,6.04356909
2017-11-18,405.04925537,404.87500000,1.54467344,80,79.68375397,79.50000000,1.61867607,1785.47619629,1785.00000000,6.40314674
2017-11-19,405.15228271,405.29998779,1.36277175,216,78.84166718,78.90000153,1.28867173,1793.73461914,1793.90002441,6.14824867
2017-11-20,405.35736084,405.30999756,1.19629550,224,77.88883972,78.30000305,1.83014357,1797.19787598,1796.94995117,5.39061689
2017-11-21,406.84558105,406.70001221,1.39558697,9,86.44444275,86.50000000,0.91256726,1801.61108398,1800.60009766,6.10070992
2017-11-22,405.59600830,405.67999268,0.56002378,5,79.62000275,79.90000153,0.79498595,1794.40002441,1794.19995117,3.63523555
2017-11-23,404.60458374,404.67001343,1.32686269,133,71.25263214,71.19999695,0.98084533,1797.33386230,1798.19995117,6.73955011
2017-11-25,404.47708130,404.50500488,1.51420474,262,67.65076447,67.59999847,2.13370585,1799.57751465,1800.00000000,7.27933216
2017-11-26,405.06359863,405.09997559,1.25316656,58,76.25000000,76.40000153,1.27406681,1805.63964844,1805.15002441,5.30206871
2017-11-27,405.30325317,405.42498779,1.32552779,40,83.19999695,83.19999695,1.42054462,1804.90991211,1804.29992676,6.23303413
2017-11-28,405.35296631,405.44000244,1.23661590,129,85.47364044,85.50000000,1.31615686,1799.72094727,1799.80004883,5.93148756
2017-11-29,405.45135498,405.53500366,1.40290248,124,85.37903595,85.40000153,1.31311536,1796.46850586,1796.59997559,6.52643633
2017-11-30,405.56234741,405.39999390,1.31121886,73,84.78903961,84.80000305,0.95968139,1794.99316406,1795.30004883,6.13909245
2017-12-01,405.38082886,405.50500488,1.22133029,12,82.74166870,82.40000153,1.26092112,1793.01660156,1794.19995117,6.35152960
2017-12-02,405.15673828,405.14001465,1.71437609,410,74.80292511,75.00000000,1.53272104,1791.96313477,1791.59997559,8.34556103
2017-12-03,405.16406250,405.16500854,1.63729024,32,77.39375305,77.40000153,0.81356919,1799.36560059,1799.64990234,8.03025627
2017-12-04,404.74072266,404.63000488,1.95862651,170,74.52176666,74.44999695,1.50641561,1794.99890137,1794.69995117,9.11190987
2017-12-05,404.63067627,404.50500488,1.67828548,162,73.18333435,73.30000305,1.35087955,1792.92846680,1792.94995117,8.46281052
2017-12-06,404.57318115,404.55999756,1.62723422,132,70.66439819,70.59999847,1.18766749,1792.73486328,1792.44995117,7.81023979
2017-12-07,404.90664673,404.80999756,1.79686797,6,70.93332672,71.39999390,1.72007835,1798.45007324,1801.80004883,8.30005550
2017-12-08,404.84219360,404.70001221,1.53064764,210,79.66381073,79.50000000,1.40301275,1801.79199219,1802.00000000,7.17856264
2017-12-09,405.48767090,405.34500122,1.61503470,52,79.90576935,79.69999695,1.51028061,1801.12304688,1801.64990234,7.55211544
2017-12-10,404.56277466,404.54998779,1.68613362,336,79.45713806,79.40000153,1.35483944,1796.49316406,1796.15002441,8.28542233
2017-12-11,405.10668945,404.93499756,1.45609558,42,79.00714111,78.69999695,1.12821782,1798.48327637,1799.25000000,7.18711615
2017-12-12,404.97695923,405.05499268,1.52122796,96,79.19271088,79.09999847,1.19245410,1794.20214844,1794.80004883,7.57860994
2017-12-13,405.06542969,405.19000244,1.67821312,129,77.20697784,77.30000305,1.55468965,1799.04333496,1798.59997559,7.59200335
2017-12-14,405.03622437,404.85998535,1.60853362,154,76.50909424,76.80000305,1.40043724,1800.19030762,1800.40002441,7.18626070
2017-12-15,404.54156494,404.66000366,1.78764153,102,76.50293732,76.40000153,1.36494005,1797.58337402,1797.80004883,9.22660923
2017-12-16,404.67062378,404.85998535,1.34088492,65,76.08615875,76.30000305,1.21782076,1800.86315918,1801.59997559,7.26009274
2017-12-17,404.80413818,404.88500977,1.57697439,152,73.46907806,73.50000000,1.27571487,1796.36633301,1796.15002441,7.61157846
2017-12-18,404.69705200,404.70501709,1.79459047,126,69.57302094,69.50000000,1.80755794,1790.11828613,1791.64990234,8.92227936
2017-12-19,404.55224609,404.33999634,1.64861429,148,66.64256287,66.44999695,1.51352596,1791.20483398,1790.89990234,7.56371021
2017-12-20,404.79333496,404.73999023,1.90331972,192,71.11042023,71.40000153,2.38307643,1794.59802246,1793.80004883,9.56357098
2017-12-21,404.66387939,404.62500000,1.53394711,70,76.13857269,76.00000000,1.27566898,1797.63427734,1797.80004883,6.88718319
2017-12-22,404.14874268,404.97000122,1.91032231,8,68.66249847,68.40000153,1.32873619,1794.39990234,1794.64990234,8.06933022
2017-12-23,404.28820801,404.12500000,1.84827518,182,67.94560242,68.00000000,1.48035288,1791.53125000,1790.64990234,8.40748024
2017-12-24,404.20214844,404.16998291,1.80144596,14,67.76428986,67.40000153,1.25429010,1797.15710449,1795.69995117,9.11934280
2017-12-25,404.60394287,404.44000244,1.60467851,53,64.88679504,65.00000000,1.64036083,1796.37927246,1797.09997559,7.85839653
2017-12-26,404.39230347,404.32501221,1.71744490,130,67.78307343,67.90000153,1.94275200,1796.24072266,1796.80004883,8.17117500
2017-12-27,404.03811646,404.14999390,1.96660721,95,73.04947662,73.00000000,1.27778661,1797.79467773,1798.19995117,9.08393383
2017-12-28,404.09048462,403.98999023,1.72845769,144,71.94652557,71.69999695,1.62105525,1795.74853516,1795.60009766,8.58788109
2017-12-29,404.55191040,404.79998779,1.73686075,68,70.59558868,70.64999390,1.10581017,1793.50732422,1793.20007324,8.14040947
2017-12-30,404.92276001,404.60998535,1.70138085,47,71.04255676,71.00000000,1.07293677,1802.42980957,1801.90002441,8.68090630
2018-01-01,404.90093994,405.04998779,2.14685392,222,67.79639435,67.69999695,1.72943270,1796.67980957,1796.64990234,9.93685532
2018-01-02,404.56356812,404.58999634,1.72229254,185,66.14648438,66.19999695,1.19396198,1791.68273926,1791.50000000,8.05714321
2018-01-10,404.36911011,404.53997803,1.95033705,34,80.61764526,80.60000610,1.48354053,1810.18237305,1810.80004883,8.89070129
2018-01-11,404.04580688,403.77001953,1.84527004,12,79.47499847,79.09999847,1.58752179,1806.50830078,1807.94995117,7.86147213
2018-01-13,404.69802856,404.59500122,2.40541768,56,64.29821014,64.25000000,1.69593000,1793.20178223,1791.05004883,12.01574612
2018-01-14,404.32049561,404.24499512,2.19021749,302,66.48542786,66.90000153,2.35921597,1789.96154785,1789.94995117,10.84056091
2018-01-15,403.87414551,403.99499512,2.07051802,268,64.39104462,64.40000153,1.57805479,1793.90600586,1793.40002441,9.16554546
2018-01-16,403.96438599,404.06500244,1.71853161,80,65.98374939,66.25000000,1.22716558,1792.23010254,1792.19995117,7.34731913
2018-01-23,404.73733521,404.91500854,1.66988039,116,72.39569092,72.50000000,1.41620386,1798.26550293,1798.80004883,7.46333170
2018-01-24,405.02404785,404.70501709,1.62730348,72,72.48750305,72.50000000,1.51740456,1803.06665039,1802.75000000,7.85364008
2018-01-25,405.16152954,405.16000366,1.89602208,79,65.64683533,65.80000305,1.42557526,1796.45690918,1795.09997559,8.32624435
2018-01-27,404.92498779,404.85501099,1.21729803,18,65.41110992,65.59999847,1.04199421,1791.95556641,1791.30004883,6.64861441
2018-01-28,403.74917603,403.81500244,1.97593665,12,65.34166718,65.25000000,1.07403946,1788.84167480,1788.59997559,8.42523289
2018-01-29,403.89111328,404.01998901,1.69396603,181,66.45525360,66.50000000,1.35246205,1791.88073730,1791.69995117,7.74022245
2018-01-30,404.68124390,404.64999390,1.57133639,16,66.56250000,66.55000305,1.19714975,1795.82495117,1796.69995117,6.79640484
2018-01-31,404.61264038,404.73001099,1.51734412,103,64.10485077,64.00000000,1.28172529,1791.66210938,1792.40002441,10.18699741
2018-02-01,404.48956299,404.34997559,1.76123524,94,66.11808777,66.00000000,1.44199407,1797.34790039,1797.34997559,8.01534367
2018-02-02,404.40582275,404.34497070,1.54854274,188,64.86277008,64.69999695,1.32954788,1797.44677734,1797.70007324,7.21578836
2018-02-03,403.95358276,403.89001465,1.65635145,50,71.62200165,71.90000153,1.42446458,1800.05798340,1798.90002441,7.34058046
2018-02-04,403.16744995,403.12500000,1.43495548,90,74.25111389,74.30000305,1.45781446,1797.49548340,1796.90002441,6.91598558
2018-02-08,403.72601318,404.03500366,1.92335510,30,65.40333557,65.19999695,1.46510756,1795.30664062,1796.40002441,9.73753643
2018-02-09,403.80377197,403.91000366,1.49283564,29,63.17586136,63.20000076,1.60882723,1792.82409668,1792.09997559,7.56650114
2018-02-10,403.41979980,403.36999512,2.12287354,43,67.78836823,67.80000305,1.74468017,1796.69079590,1796.39990234,10.08216286
2018-02-11,404.17797852,403.79000854,2.08068871,49,73.86939240,73.90000153,1.92529309,1806.89379883,1806.39990234,10.77077007
2018-02-12,405.11001587,404.92498779,1.71011257,52,78.90769958,79.09999847,1.46070683,1808.78845215,1809.25000000,8.90639400
2018-02-13,404.01583862,404.21499634,2.04263520,278,70.09352875,70.19999695,1.75094426,1801.71618652,1801.59997559,9.43293858
2018-02-14,404.26321411,404.21499634,1.89545941,116,75.46206665,75.35000610,1.85616004,1804.23352051,1803.64990234,8.90633583
2018-02-15,403.96875000,404.05499268,0.96845651,8,79.15000153,78.75000000,0.96658438,1810.50000000,1810.55004883,5.07009840
2018-02-17,403.99267578,403.97000122,1.63226843,101,73.44356537,73.40000153,1.13625836,1803.26928711,1803.79992676,7.69308710
2018-02-18,403.87832642,404.02001953,1.76458108,12,74.59999847,74.64999390,1.14732873,1806.64160156,1808.34997559,6.10251760
2018-02-20,404.59893799,404.11999512,1.97376490,19,64.11579132,63.90000153,1.32801604,1799.91564941,1800.00000000,9.58419895
2018-02-21,404.72000122,405.12500000,1.87409019,10,64.55000305,63.84999847,1.79953671,1801.86987305,1802.90002441,12.66361237
2018-02-22,404.39660645,404.39001465,1.84167576,47,65.54680634,65.59999847,1.40524626,1804.66809082,1803.09997559,8.29556942
2018-02-23,404.62164307,404.56500244,1.51404178,134,62.90372849,62.90000153,1.36257195,1800.05822754,1799.64990234,7.10374403
2018-02-24,404.18765259,404.29000854,1.70358562,161,68.48198700,68.50000000,1.31467140,1803.63159180,1803.40002441,8.33842564
2018-02-25,404.18414307,404.08999634,1.83388865,177,65.97005463,66.09999847,1.53831983,1799.86901855,1799.29992676,8.86897755
2018-02-26,403.48452759,403.37500000,2.14801264,42,64.06428528,64.09999847,1.60575509,1794.37609863,1793.35009766,8.59934998
2018-02-27,403.46389771,403.52999878,1.70834470,98,66.49183655,66.40000153,1.28212690,1800.85815430,1801.30004883,8.04819679
2018-02-28,403.31066895,403.35000610,1.50747597,58,64.93621063,64.85000610,1.49075460,1799.40161133,1798.84997559,8.68801212
2018-03-01,403.41250610,403.27999878,1.63399267,56,60.59642792,60.45000076,1.10469460,1793.56066895,1794.34997559,6.74833298
2018-03-02,403.74624634,403.55499268,1.53627288,104,60.06153870,60.09999847,1.16846144,1794.88549805,1794.89990234,7.46045351
2018-03-07,402.78750610,402.55499268,1.71246088,8,65.44999695,65.44999695,0.82462144,1795.46252441,1794.30004883,8.68792534
2018-03-09,403.61749268,403.72998047,1.53586566,76,63.01710129,63.04999924,1.18686008,1795.52502441,1795.65002441,8.71407986
2018-03-10,404.40026855,404.52001953,1.93068087,38,64.65000153,64.94999695,1.30088341,1793.81848145,1792.80004883,7.25599146
2018-03-11,404.18701172,403.72998047,1.88614106,20,63.68499756,63.95000076,1.22915220,1788.91503906,1789.55004883,7.17174530
2018-03-20,403.74346924,402.92498779,2.97048807,26,71.44230652,70.94999695,1.84546411,1802.46923828,1803.90002441,11.69334412
2019-09-17,410.76235962,410.78497314,0.41348866,42,92.05000305,92.25000000,0.76037556,1819.55249023,1819.64990234,1.80760229
2019-09-18,410.45046997,410.45001221,0.52144468,87,73.34827423,73.50000000,1.42084646,1813.96215820,1813.79992676,2.59934211
2019-09-19,410.11227417,410.11499023,0.36922133,44,83.92954254,84.00000000,0.57327300,1821.97497559,1821.59997559,1.98038745
2019-09-20,410.23498535,410.23498535,0.35919800,94,105.41276550,105.69999695,1.42211640,1830.78625488,1830.80004883,1.70480311
2019-09-21,410.07244873,410.06500244,0.48235837,244,98.90901947,99.30000305,2.51940632,1824.99462891,1825.14990234,2.28261995
2019-09-22,410.14111328,410.14501953,0.45470119,224,89.87187958,89.85000610,1.01015651,1827.20678711,1827.25000000,2.73166513
2019-09-23,410.58209229,410.64001465,0.43878925,62,95.24838257,95.40000153,0.64011848,1827.37426758,1827.55004883,2.38875699
2019-09-24,410.02822876,410.05999756,0.77533793,74,90.96081543,90.90000153,0.63888109,1826.58654785,1826.30004883,3.88796782
2019-09-25,410.04739380,410.04000854,0.99024874,168,93.13273621,93.40000153,1.50003958,1826.88745117,1827.05004883,4.61118507
2019-09-26,410.00390625,409.98498535,1.13953364,100,95.80599976,95.80000305,1.09034538,1826.63098145,1826.59997559,4.64829302
2019-09-27,410.08361816,410.19000244,1.11884511,36,91.24166870,91.05000305,1.37037575,1819.05004883,1819.19995117,5.04865837
2019-09-28,410.39746094,410.39001465,0.89181781,168,95.89881134,95.50000000,1.91355050,1819.48022461,1819.39990234,4.73840523
2019-09-29,410.42333984,410.29498291,0.58807313,6,98.90000153,98.80000305,0.71554172,1824.08337402,1825.19995117,2.22388506
2019-09-30,410.36468506,410.42498779,0.98958421,126,93.63095093,94.19999695,2.29393888,1823.88647461,1823.60009766,4.18181372
2019-10-01,410.43554688,410.46499634,0.90507352,36,114.50000000,114.64999390,1.35478055,1831.49169922,1831.80004883,3.08299160
2019-10-02,409.80477905,409.95001221,0.84148443,21,108.43809509,108.30000305,1.46747220,1830.49047852,1829.30004883,3.79394031
2019-10-03,410.20336914,410.16500854,0.99462217,252,105.95595551,105.90000153,1.45380521,1827.65197754,1827.55004883,4.77954388
2019-10-04,410.30130005,410.26501465,0.88766372,84,108.82499695,108.94999695,2.22265840,1819.62500000,1819.80004883,3.92273092
2019-10-05,410.19082642,410.33001709,0.59076869,12,98.90833282,98.80000305,1.20639062,1824.08337402,1824.40002441,2.85397506
2019-10-06,410.34500122,410.34500122,1.27986157,2,88.00000000,88.00000000,0.28283840,1817.09997559,1817.09997559,5.37390804
2019-10-07,410.49157715,410.46002197,0.79911649,82,94.64389801,94.80000305,1.21045816,1822.79992676,1822.90002441,3.68922496
2019-10-08,410.06027222,409.95001221,1.01145458,110,95.39090729,95.30000305,1.62382150,1821.82543945,1821.55004883,4.18098068
2019-10-09,410.48101807,410.47000122,0.81557280,129,92.28294373,92.69999695,1.42686963,1822.61474609,1823.00000000,3.95417047
2019-10-10,410.61999512,410.46499634,1.07628250,22,96.56362915,96.55000305,0.87697858,1824.55004883,1824.40002441,4.59487677
2019-10-11,409.97167969,409.83499146,1.17652535,12,99.44167328,99.44999695,1.91902304,1816.14160156,1813.69995117,6.78775835
2019-10-12,410.63842773,410.57000732,0.96586627,32,99.80625153,99.85000610,0.97845745,1823.57189941,1823.30004883,3.72049665
2019-10-13,411.50000000,411.50000000,0.12727404,2,112.65000153,112.65000153,0.21213420,1827.65002441,1827.65002441,3.18198061
2019-10-16,410.69000244,410.69000244,1.11724079,2,86.40000153,86.40000153,0.56568760,1817.09997559,1817.09997559,0.14138684
2019-10-19,411.14770508,411.13500977,0.83059794,230,89.56956482,89.50000000,1.30956650,1823.52172852,1823.50000000,4.05740023
2019-10-20,411.51004028,411.50500488,0.92098516,214,91.84626007,91.85000610,1.44171917,1822.43505859,1822.29992676,4.31429672
2019-10-21,410.98001099,411.09500122,0.86726230,30,94.77999878,95.05000305,0.88020349,1819.61669922,1819.89990234,3.49856877
2019-10-23,410.65551758,410.66000366,0.64244461,29,83.06551361,83.30000305,0.97587901,1824.52758789,1823.79992676,4.40713358
2019-10-24,410.80731201,410.85498047,0.91718543,250,89.23880005,89.19999695,1.92945218,1827.46801758,1827.55004883,4.04918289
2019-10-25,411.64373779,411.54998779,1.45152402,142,95.72605133,95.85000610,2.37790275,1820.73376465,1820.44995117,6.95340681
2019-10-27,412.00949097,412.05499268,0.97470891,38,103.72631836,103.80000305,1.29566538,1823.12622070,1823.59997559,5.40144730
2019-10-29,411.54147339,411.67001343,0.92898542,143,96.14335632,96.09999847,1.60630596,1822.22033691,1822.59997559,4.92327547
2019-10-30,412.37484741,412.39001465,1.04649234,97,117.14742279,117.40000153,1.51644373,1829.30505371,1829.30004883,4.82172585
2019-10-31,412.27023315,412.22998047,0.89221931,126,120.49681854,120.09999847,1.83581853,1827.08496094,1827.05004883,4.60867071
2019-11-01,412.42282104,412.42999268,0.91751295,121,138.17604065,138.39999390,2.21559000,1828.17187500,1828.69995117,4.65222645
2019-11-03,410.83126831,410.85998535,0.95592248,164,89.81158447,89.75000000,1.70525694,1818.88110352,1819.00000000,4.59654093
2019-11-04,411.16360474,411.17001343,1.11254776,149,93.44228363,93.69999695,1.79074872,1817.37316895,1816.69995117,5.09559393
2019-11-05,410.87649536,410.99499512,0.92048526,60,82.21333313,82.05000305,1.16640389,1818.16833496,1817.85009766,5.05601931
2019-11-06,410.99694824,411.07000732,0.93524975,107,88.10934448,87.90000153,0.99161911,1819.85241699,1819.50000000,5.57552719
2019-11-07,410.77783203,410.67498779,0.91022420,106,88.24339294,88.09999847,1.03987348,1818.23864746,1818.04992676,4.37509775
2019-11-08,411.30581665,411.33502197,0.79921007,12,83.29999542,83.30000305,0.86445034,1818.27502441,1818.85009766,3.49078584
2019-11-09,411.22000122,411.24499512,0.97567958,104,80.05480957,79.69999695,1.39213300,1818.11450195,1818.09997559,4.68034124
2019-11-10,411.05932617,411.05499268,0.87295979,74,83.79324341,83.80000305,1.26191127,1819.25268555,1819.55004883,4.29150438
2019-11-11,411.30599976,411.33001709,1.09345436,80,93.67874908,93.64999390,1.53406012,1823.64624023,1824.20007324,4.66424513
2019-11-12,411.62585449,411.66500854,1.12492907,120,90.31333160,90.14999390,1.27792764,1818.04248047,1817.65002441,5.11725903
2019-11-16,411.70498657,411.70498657,0.57275474,2,102.19999695,102.19999695,1.41421354,1807.65002441,1807.65002441,4.31342030
2019-11-18,412.06253052,412.10000610,0.91244179,47,93.35532379,93.40000153,2.05868411,1814.77441406,1814.59997559,4.16973209
2019-11-19,411.68334961,411.48498535,1.37372160,6,84.25000000,84.30000305,1.06911111,1815.09997559,1814.75000000,6.32325125
2019-11-20,411.77270508,411.70999146,1.40710580,48,88.55832672,88.35000610,1.44042468,1813.09997559,1813.75000000,5.91148186
2019-11-21,412.52368164,412.50000000,1.83388484,153,89.01699066,89.00000000,1.29044008,1813.13073730,1813.09997559,8.14731979
2019-11-25,411.92385864,411.76998901,1.75104189,31,84.10967255,83.69999695,1.20785141,1813.86450195,1812.80004883,6.59714794
2019-11-26,412.59420776,412.63500977,1.65745854,64,84.52500153,84.59999847,1.46341622,1812.72497559,1812.75000000,7.75984049
2019-11-27,411.50106812,411.48999023,1.89752519,47,73.38510895,73.40000153,1.27295887,1809.41491699,1809.09997559,8.10442257
2019-11-28,411.13546753,411.20999146,1.65450633,115,70.78695679,70.90000153,1.38072729,1809.92871094,1809.39990234,7.71077585
2019-11-29,411.33700562,411.38000488,1.35855496,199,68.60854340,68.50000000,1.37942195,1808.67431641,1808.59997559,6.43697453
2019-11-30,411.75988770,411.63000488,1.69778335,89,83.74269867,83.69999695,1.06748283,1816.18994141,1816.40002441,7.06789732
2019-12-01,411.26687622,411.23498535,1.10506284,334,75.51317596,75.69999695,1.70419192,1817.05187988,1817.00000000,5.24813652
2019-12-02,411.26770020,411.21499634,1.18711853,180,73.79111481,73.80000305,1.20266414,1811.26843262,1811.15002441,5.32569122
2019-12-03,410.87457275,411.02499390,1.55237269,220,71.36363983,71.50000000,1.19441044,1814.71728516,1815.00000000,6.78730583
2019-12-04,410.85379028,410.91500854,1.47276270,66,70.33029938,70.30000305,1.00750518,1816.59851074,1816.90002441,6.20516586
2019-12-05,411.16213989,411.26998901,1.50194621,283,76.75406647,76.69999695,1.18024945,1812.30810547,1812.59997559,6.73594475
2019-12-06,411.38723755,411.45501709,1.50755703,206,73.29174805,73.30000305,1.25538087,1818.35681152,1818.59997559,6.45498657
2019-12-07,411.55154419,411.73498535,1.84112954,194,76.63040924,76.59999847,1.48730469,1816.39599609,1816.80004883,8.04571342
2019-12-08,411.74224854,411.77502441,1.77218723,110,78.94454956,79.00000000,1.28281415,1819.34729004,1820.34997559,7.73897409
2019-12-09,411.64044189,411.10000610,1.90321648,43,78.20930481,78.30000305,1.00660062,1816.17443848,1816.20007324,7.12844753
2019-12-10,411.99307251,411.76000977,1.95093596,121,79.62231445,79.69999695,1.41383004,1818.93627930,1818.50000000,7.30945635
2019-12-11,412.23767090,411.79998779,1.55055344,13,80.37692261,80.19999695,1.73501003,1815.63073730,1814.50000000,7.50079823
2019-12-13,412.00714111,412.04000854,1.17163360,201,76.32935333,76.30000305,0.76575720,1815.84082031,1815.50000000,5.11540604
2019-12-14,411.88934326,411.86499023,1.13112140,88,75.43067932,75.40000153,0.84109324,1821.06140137,1821.10009766,5.10607815
2019-12-15,411.83038330,411.92498779,0.73277313,50,73.71799469,73.69999695,0.80450064,1817.16589355,1817.55004883,4.17302418
2019-12-16,412.07998657,412.07998657,,1,70.69999695,70.69999695,,1820.09997559,1820.09997559,
2019-12-17,411.37402344,411.42999268,0.69224608,62,78.18064880,78.30000305,1.06737590,1824.20324707,1824.40002441,3.36453819
2019-12-18,411.73999023,411.73999023,0.43840274,2,72.84999847,72.84999847,0.21213420,1812.44995117,1812.44995117,3.04050732
2019-12-19,411.26498413,411.16497803,0.42779732,10,65.38999939,65.30000305,0.31780508,1809.21997070,1808.80004883,2.18773603
2019-12-20,411.33786011,411.35998535,0.83330035,360,66.12166595,66.09999847,0.88451713,1813.02270508,1813.19995117,4.16187239
2019-12-21,410.92050171,411.05499268,0.82435256,40,63.07249832,63.09999847,0.44027206,1804.44995117,1804.25000000,3.45994258
2019-12-22,410.75225830,410.73999023,0.71598899,312,65.42339325,65.50000000,0.80958742,1810.00903320,1810.00000000,3.26520109
2019-12-24,410.80374146,410.78500366,0.50959492,126,64.55476379,64.55000305,1.24326098,1807.56909180,1807.84997559,2.81352353
2019-12-25,410.57452393,410.58499146,0.45120499,20,63.49500275,63.34999847,0.61428177,1805.08007812,1805.35009766,2.92892313
2019-12-26,410.68637085,410.64999390,0.51605153,47,64.17446899,64.09999847,0.70878625,1812.35949707,1812.80004883,2.44725823
2019-12-27,410.11001587,410.27999878,0.30314669,3,62.16666794,62.29999924,0.32145587,1803.83337402,1803.90002441,1.00166452
2019-12-28,410.54116821,410.57000732,0.55615759,118,62.66864395,62.59999847,0.70428491,1812.17712402,1812.15002441,3.07297683
2020-01-01,411.37997437,411.42498779,0.63816714,56,68.58036041,68.44999695,1.11850858,1822.86071777,1822.50000000,2.86220503
2020-01-06,410.41104126,410.39999390,0.46100453,39,68.49743652,68.69999695,0.92180830,1823.35632324,1823.40002441,2.14977026
2020-01-07,410.65625000,411.07998657,1.01509643,8,67.63749695,67.59999847,0.27742299,1822.06250000,1822.69995117,3.35296249
2020-01-08,411.39517212,411.48001099,0.54713398,27,67.92222595,68.00000000,0.55145454,1821.18518066,1821.20007324,1.67644143
2020-01-09,410.92486572,410.85998535,0.71318984,93,59.06666946,59.00000000,0.67200762,1805.96459961,1806.20007324,3.01422739
2020-01-10,410.38439941,410.45501709,0.60081327,148,60.33783722,60.29999924,1.05549443,1803.83239746,1804.29992676,2.69017196
2020-01-11,410.36477661,410.37500000,0.63980800,174,60.85747147,60.79999924,0.95785546,1805.58044434,1805.69995117,2.88819742
2020-01-12,409.85272217,409.82998657,0.61551476,117,63.88375854,64.09999847,0.97635478,1808.43847656,1808.19995117,3.19333029
2020-01-13,410.17855835,410.16000366,0.69669533,165,62.00909042,62.00000000,0.94454902,1811.61926270,1811.59997559,3.85544157
2020-01-26,409.95187378,410.00000000,0.76078266,16,75.51875305,75.55000305,0.47919270,1811.58129883,1812.35009766,3.60984445
2020-01-27,410.16433716,410.16000366,0.67303050,76,73.36973572,75.14999390,3.10243011,1816.36572266,1815.94995117,3.12983394
2020-01-28,410.88409424,410.95501709,0.46976539,34,70.85882568,70.69999695,0.71398145,1816.25585938,1816.10009766,2.26518321
2020-01-31,409.54699707,409.63500977,0.79523265,40,75.29249573,75.25000000,1.22712672,1820.69995117,1821.69995117,4.05146408
2020-02-01,409.52688599,409.49499512,0.84462440,64,73.38437653,73.40000153,0.61158597,1814.93286133,1815.60009766,3.81326985
2020-02-02,409.77841187,409.76998901,0.75720847,102,73.79705811,73.80000305,0.67037135,1818.57751465,1818.59997559,3.48549128
2020-02-03,410.32812500,410.36999512,0.73058403,48,70.91249847,70.90000153,0.77969593,1821.57287598,1822.19995117,4.91791487
2020-02-04,410.27038574,410.25500488,0.76407391,272,69.12316132,69.19999695,0.95020711,1818.87316895,1818.84997559,3.69880557
2020-02-05,409.84216309,409.88000488,0.84147340,181,67.40000153,67.50000000,0.94298595,1813.64965820,1813.40002441,4.21861887
2020-02-06,410.16833496,410.17498779,0.69596475,60,65.26333618,65.19999695,0.62814409,1812.02160645,1812.65002441,4.08669853
2020-02-07,410.25823975,410.23001099,0.67847693,119,67.03192902,67.00000000,0.52993971,1815.23364258,1815.50000000,3.18950009
2020-02-08,409.92001343,410.13500977,0.72466791,20,67.95999908,68.05000305,0.84192711,1814.56994629,1815.05004883,3.68426752
2020-02-09,410.50021362,410.45501709,0.72098726,96,66.66249847,66.59999847,0.69407254,1814.61767578,1815.00000000,3.72768021
2020-02-10,410.57144165,410.51998901,0.80490071,173,68.01907349,68.00000000,0.92071486,1817.89990234,1818.00000000,3.49525166
2020-02-11,411.26226807,411.23498535,0.58890593,114,65.72807312,65.69999695,0.62279844,1813.07971191,1812.89990234,3.21712875
2020-02-12,410.90737915,410.95999146,0.77437049,65,64.28769684,64.30000305,0.82471722,1815.02624512,1815.00000000,4.30299664
2020-02-13,410.87429810,410.95001221,0.88572353,156,63.66666794,63.59999847,1.04987454,1809.84033203,1810.44995117,4.76740599
2020-02-14,410.74426270,410.76998901,1.04351377,250,62.63919830,62.59999847,0.69471854,1808.62402344,1808.90002441,4.54203653
2020-02-16,410.13397217,410.11999512,0.97700417,25,63.33600235,63.20000076,0.71930504,1807.42797852,1806.80004883,3.48193216
2020-02-17,409.54501343,409.58499146,0.93942100,148,63.66824722,63.70000076,0.74001628,1805.85742188,1805.65002441,3.41782069
2020-02-18,409.41876221,409.58499146,0.67775935,8,64.69999695,65.05000305,0.92890197,1806.93750000,1806.89990234,3.13589811
2020-02-19,410.08773804,410.20001221,0.81239259,40,68.08000183,68.40000153,1.61359620,1819.15002441,1819.05004883,4.10534859
2020-02-20,409.61868286,409.72500610,0.89650202,324,72.42345428,72.40000153,0.69121367,1820.50097656,1820.79992676,3.56702828
2020-02-21,409.20251465,409.24499512,0.64979541,4,70.82499695,71.14999390,0.68495458,1811.92504883,1811.59997559,2.80404735
2020-02-22,409.17315674,409.17498779,0.69981056,22,69.29999542,69.09999847,0.71978766,1818.26831055,1818.80004883,4.28744984
2020-02-24,409.82531738,409.69000244,0.88923341,167,75.06227875,75.00000000,1.18761778,1824.26538086,1823.69995117,4.65366411
2020-02-28,410.46643066,410.48999023,1.06887245,53,68.87924957,68.90000153,0.98768550,1821.22644043,1821.30004883,5.16297007
2020-02-29,410.91705322,410.80499268,1.05671072,58,68.97586060,69.00000000,0.80965883,1828.97241211,1828.60009766,3.11469650
2020-03-01,410.77001953,410.69500732,1.12275052,106,76.59999847,76.59999847,0.87592149,1833.51135254,1832.90002441,5.28623295
2020-03-03,409.10000610,409.10501099,1.06173551,6,76.91666412,77.05000305,0.70828623,1824.76660156,1823.94995117,6.21534634
2020-03-04,410.50195312,410.50500488,0.73896837,36,75.45278168,75.50000000,0.83340532,1824.39453125,1824.19995117,3.59530687
2020-03-05,409.80432129,409.77499390,0.95313108,210,76.37714386,76.40000153,0.68703049,1827.68139648,1827.59997559,4.15624332
2020-03-08,409.50863647,409.55499268,1.18178701,154,69.76688385,69.90000153,2.26022911,1822.84680176,1822.19995117,5.14959192
2020-03-10,410.26434326,410.33999634,0.78248239,143,78.02098083,78.09999847,1.26429009,1827.04748535,1827.20007324,3.98602748
2020-03-11,409.66659546,409.64001465,0.85290092,197,75.17512512,74.90000153,1.36809123,1822.55676270,1822.40002441,3.71096039
2020-03-12,409.18997192,409.16998291,0.85775930,6,77.78333282,77.50000000,1.08151257,1822.63330078,1823.94995117,3.35658693
2020-03-15,409.46499634,409.38000488,0.70861733,12,70.43333435,70.10000610,1.11300814,1821.58337402,1823.09997559,4.16061497
2020-03-16,408.84100342,408.73001099,0.32814071,10,71.12000275,71.19999695,0.48027700,1818.93005371,1819.05004883,2.35848045
2020-03-17,409.58938599,409.47000122,1.01344657,79,71.09999847,71.19999695,0.67596078,1822.80261230,1822.70007324,5.00676489
2020-03-18,409.83346558,409.89501953,1.29239690,142,77.04859161,77.50000000,1.44883120,1834.09509277,1834.00000000,4.87908030
2020-03-19,410.21463013,410.10998535,1.02254307,52,77.08654022,77.19999695,1.31029558,1830.42883301,1831.25000000,4.34260178
2020-03-20,410.09738159,410.00000000,0.67313886,50,72.90599823,73.09999847,0.55674398,1825.67004395,1825.09997559,2.76554608
2020-03-21,409.37063599,409.39999390,0.53731668,93,72.18601990,72.30000305,0.70519644,1819.62902832,1819.09997559,2.60816765
2020-03-22,409.95922852,409.97998047,1.24748611,260,70.81538391,70.69999695,1.04979932,1824.49035645,1824.94995117,5.07713270
2020-03-25,410.31536865,410.36999512,0.81121391,196,70.63673401,70.50000000,1.00938034,1821.35156250,1821.50000000,2.78756189
2020-03-26,409.40020752,409.41000366,0.49647278,52,74.34230804,74.39999390,1.28831029,1828.75390625,1828.50000000,2.46462059
2020-03-29,409.71743774,409.73999023,1.03823614,148,73.20945740,73.30000305,0.99797982,1826.70605469,1826.05004883,4.77532434
2020-03-30,410.03015137,410.15499878,0.73417556,64,68.69531250,69.00000000,1.43133080,1821.16564941,1821.00000000,2.91200733
2020-03-31,410.16125488,410.39498901,1.50497997,16,69.30625153,69.35000610,0.52721637,1825.51879883,1826.25000000,4.24046850
2020-04-01,411.76501465,411.76501465,1.77482331,2,69.65000153,69.65000153,0.49497259,1832.10009766,1832.10009766,6.92959452
2020-04-04,410.13333130,409.96502686,0.89222193,12,68.40833282,68.40000153,0.47185907,1824.29992676,1825.00000000,4.59602642
2020-04-05,409.85592651,409.76000977,1.05464721,135,67.58148193,67.50000000,0.72123259,1821.49694824,1821.40002441,3.75149322
2020-04-06,409.68707275,409.66000366,0.69976425,329,70.63221741,70.90000153,1.28637135,1825.59179688,1825.50000000,2.78131223
2020-04-07,410.18594360,410.20501709,0.48947197,126,68.60476685,68.59999847,1.11598265,1825.52380371,1825.59997559,2.59296131
2020-04-08,410.43515015,410.54000854,0.89584321,43,66.17906952,66.19999695,0.77353835,1825.16516113,1825.09997559,2.68077731
2020-04-09,410.52362061,410.51998901,0.74137402,252,65.34920502,65.90000153,1.61028790,1823.12622070,1823.50000000,4.67780638
2020-04-10,410.15750122,410.20001221,0.81577086,213,65.57089233,65.50000000,0.76200932,1822.80981445,1822.80004883,2.85978341
2020-04-11,410.81503296,411.03500366,1.57278454,6,65.03333282,65.19999695,0.38815945,1823.88330078,1824.69995117,6.56793213
2020-04-13,410.46835327,410.45501709,0.94205701,18,62.69999695,63.00000000,1.07484627,1820.39440918,1821.15002441,4.44304132
2020-04-14,410.64114380,410.68499756,0.79070121,228,66.26228333,66.30000305,1.02294302,1826.02636719,1825.89990234,3.40489411
2020-04-15,410.78958130,410.79998779,0.63273275,201,63.47412872,63.40000153,1.28426158,1825.10607910,1825.09997559,3.26990271
2020-04-16,410.50177002,410.44000244,0.93060106,131,62.38473129,62.40000153,0.56247723,1824.00915527,1823.79992676,3.36107945
2020-04-17,409.54806519,409.27001953,0.92869985,46,63.31521606,63.34999847,0.52024221,1818.19128418,1817.55004883,4.08050919
2020-04-18,410.72082520,410.76998901,0.69179112,181,65.44806671,65.50000000,0.87194514,1827.46630859,1827.59997559,3.06441593
2020-04-19,411.04000854,410.95999146,0.80246055,29,67.04137421,67.40000153,1.04762268,1825.82763672,1825.89990234,2.89677501
2020-04-20,410.10156250,410.14999390,1.18602741,19,64.11578369,62.00000000,3.41764402,1815.04211426,1814.80004883,4.66051435
2020-04-21,410.45166016,410.34497070,0.48349851,36,66.46944427,66.40000153,0.39915624,1822.05554199,1822.05004883,2.60730147
2020-04-22,409.83868408,409.85000610,0.91444385,69,68.01303864,68.19999695,0.74831414,1819.34204102,1819.59997559,3.81531048
2020-04-23,410.16958618,410.26998901,1.11648524,23,67.06956482,67.19999695,0.67381847,1821.67395020,1821.50000000,3.96269178
2020-04-24,410.22998047,410.71499634,2.18596339,12,69.66666412,70.55000305,1.93922806,1826.05822754,1829.19995117,9.86404419
2020-04-25,410.73773193,410.73999023,0.86415941,292,73.95068359,74.09999847,2.10606217,1835.46923828,1835.50000000,3.22902632
2020-04-26,410.93563843,410.89999390,0.82166719,312,72.90064240,73.00000000,1.02712393,1832.26538086,1832.34997559,3.75089431
2020-04-27,411.48870850,411.44500732,1.09973109,130,72.83307648,72.80000305,1.35740221,1832.39306641,1832.40002441,4.37163019
2020-06-23,412.20333862,412.26501465,1.08830225,6,66.79999542,66.75000000,0.53291613,1828.28332520,1828.15014648,5.71782494
2020-06-25,412.53576660,412.51000977,0.66713816,26,68.09615326,68.09999847,0.44315270,1829.76159668,1829.05004883,2.53646922
2020-06-26,411.99267578,411.97998047,0.44260705,30,67.43000031,67.40000153,0.58906668,1823.46008301,1823.79992676,2.20823240
2020-06-27,412.33459473,412.38000488,0.73057318,141,68.85106659,68.90000153,0.64847291,1829.33752441,1829.39990234,2.96694946
2020-07-01,412.53674316,412.52499390,0.57532471,196,68.60713959,68.80000305,0.73870999,1826.08581543,1825.84985352,2.61175537
2020-07-09,412.58786011,412.58999634,0.50033653,252,67.50198364,67.50000000,0.45195025,1832.27746582,1832.40002441,2.50926709
2020-07-10,412.46981812,412.41500854,0.51997662,50,69.16999817,70.09999847,1.72594249,1832.24206543,1832.59997559,2.87787008
2020-07-11,412.41070557,412.40499878,0.59107757,140,65.80500031,65.69999695,1.35031700,1827.00927734,1827.00000000,2.55478597
2020-07-12,412.26580811,412.26501465,0.70277715,256,72.59336090,72.50000000,0.81500322,1830.84643555,1830.89990234,2.81328845
2020-07-13,412.15457153,412.13000488,0.77168357,48,71.52083588,71.59999847,0.63979948,1829.87927246,1829.59997559,3.06724834
2020-07-14,412.07904053,412.20501709,0.77619749,104,65.62019348,65.59999847,0.41110340,1824.45104980,1824.34997559,3.10039425
2020-07-15,412.45086670,412.39999390,0.55465126,167,69.63713074,70.00000000,1.98735416,1825.25805664,1825.29992676,2.54637909
2020-07-16,412.11538696,411.98498535,0.97962403,28,66.52143097,66.64999390,0.52093714,1827.51428223,1826.95007324,3.20910192
2020-07-17,412.44314575,412.48498535,0.50185043,54,67.51851654,67.64999390,0.80612576,1823.13513184,1823.05004883,2.41701436
2020-07-18,412.15417480,412.11999512,0.80761981,50,68.26999664,68.50000000,0.88138336,1824.89001465,1825.09997559,2.74496412
